country,year,yield,target_yield
Afghanistan,2010,202096.9,198491.8
Afghanistan,2011,198491.8,200353.1
Afghanistan,2012,200353.1,207231.9
Afghanistan,2013,207231.9,202590.8
Afghanistan,2014,202590.8,177158.69999999998
Afghanistan,2015,177158.69999999998,158182.3
Afghanistan,2016,158182.3,195970.5
Afghanistan,2017,195970.5,204974.6
Afghanistan,2018,204974.6,209973.2
Afghanistan,2019,209973.2,214151.9
Afghanistan,2020,214151.9,212786.6
Afghanistan,2021,212786.6,216277.4
Albania,2010,431128.2,465111.4
Albania,2011,465111.4,496239.3
Albania,2012,496239.3,494321.39999999997
Albania,2013,494321.39999999997,500919.7
Albania,2014,500919.7,504131.9
Albania,2015,504131.9,557218.8
Albania,2016,557218.8,597652.4
Albania,2017,597652.4,633224.1
Albania,2018,633224.1,647335.5
Albania,2019,647335.5,672715.0
Albania,2020,672715.0,681493.0
Albania,2021,681493.0,709249.4
Algeria,2010,230588.69999999998,266930.5
Algeria,2011,266930.5,286170.0
Algeria,2012,286170.0,290196.9
Algeria,2013,290196.9,311005.2
Algeria,2014,311005.2,323074.2
Algeria,2015,323074.2,319429.0
Algeria,2016,319429.0,315962.8
Algeria,2017,315962.8,348932.1
Algeria,2018,348932.1,358050.9
Algeria,2019,358050.9,350008.2
Algeria,2020,350008.2,346553.6
Algeria,2021,346553.6,358912.3
Angola,2010,132598.1,140302.0
Angola,2011,140302.0,126586.1
Angola,2012,126586.1,134853.8
Angola,2013,134853.8,138586.80000000002
Angola,2014,138586.80000000002,164862.3
Angola,2015,164862.3,161297.9
Angola,2016,161297.9,159873.0
Angola,2017,159873.0,160944.4
Angola,2018,160944.4,163117.8
Angola,2019,163117.8,166006.8
Angola,2020,166006.8,165992.7
Angola,2021,165992.7,169232.19999999998
Antigua and Barbuda,2010,60936.6,60957.2
Antigua and Barbuda,2011,60957.2,58949.7
Antigua and Barbuda,2012,58949.7,59813.0
Antigua and Barbuda,2013,59813.0,59632.4
Antigua and Barbuda,2014,59632.4,57780.1
Antigua and Barbuda,2015,57780.1,58520.5
Antigua and Barbuda,2016,58520.5,53698.6
Antigua and Barbuda,2017,53698.6,49065.899999999994
Antigua and Barbuda,2018,49065.899999999994,50846.0
Antigua and Barbuda,2019,50846.0,67230.6
Antigua and Barbuda,2020,67230.6,50631.1
Antigua and Barbuda,2021,50631.1,40303.8
Argentina,2010,508260.0,534197.9
Argentina,2011,534197.9,502860.6
Argentina,2012,502860.6,506919.5
Argentina,2013,506919.5,500898.4
Argentina,2014,500898.4,501829.6
Argentina,2015,501829.6,497082.7
Argentina,2016,497082.7,480489.39999999997
Argentina,2017,480489.39999999997,497766.5
Argentina,2018,497766.5,502672.7
Argentina,2019,502672.7,497674.6
Argentina,2020,497674.6,501117.8
Argentina,2021,501117.8,510043.5
Armenia,2010,180408.5,221982.6
Armenia,2011,221982.6,255239.1
Armenia,2012,255239.1,257002.4
Armenia,2013,257002.4,259039.8
Armenia,2014,259039.8,268599.5
Armenia,2015,268599.5,219698.2
Armenia,2016,219698.2,229285.6
Armenia,2017,229285.6,212852.7
Armenia,2018,212852.7,212683.9
Armenia,2019,212683.9,224636.5
Armenia,2020,224636.5,218376.3
Armenia,2021,218376.3,225771.5
Australia,2010,578905.6,553979.2
Australia,2011,553979.2,571598.7
Australia,2012,571598.7,597135.4
Australia,2013,597135.4,599375.7
Australia,2014,599375.7,606704.6
Australia,2015,606704.6,599486.5
Australia,2016,599486.5,599726.9
Australia,2017,599726.9,587813.8
Australia,2018,587813.8,588024.7
Australia,2019,588024.7,599010.8
Australia,2020,599010.8,606542.1
Australia,2021,606542.1,631235.9
Austria,2010,564226.8,735790.1
Austria,2011,735790.1,635791.0
Austria,2012,635791.0,612083.6
Austria,2013,612083.6,628771.8
Austria,2014,628771.8,642085.3
Austria,2015,642085.3,480246.4
Austria,2016,480246.4,545733.0
Austria,2017,545733.0,907597.0
Austria,2018,907597.0,580382.3
Austria,2019,580382.3,671256.0
Austria,2020,671256.0,576844.4
Austria,2021,576844.4,592367.9
Azerbaijan,2010,278140.9,284991.8
Azerbaijan,2011,284991.8,316238.4
Azerbaijan,2012,316238.4,311199.8
Azerbaijan,2013,311199.8,295612.0
Azerbaijan,2014,295612.0,315191.2
Azerbaijan,2015,315191.2,333324.5
Azerbaijan,2016,333324.5,332008.5
Azerbaijan,2017,332008.5,358413.8
Azerbaijan,2018,358413.8,387172.1
Azerbaijan,2019,387172.1,408138.8
Azerbaijan,2020,408138.8,374808.0
Azerbaijan,2021,374808.0,390676.0
Bahamas,2010,235489.6,237841.8
Bahamas,2011,237841.8,236543.8
Bahamas,2012,236543.8,238195.6
Bahamas,2013,238195.6,238054.3
Bahamas,2014,238054.3,238426.2
Bahamas,2015,238426.2,235774.5
Bahamas,2016,235774.5,235905.0
Bahamas,2017,235905.0,237484.7
Bahamas,2018,237484.7,237173.5
Bahamas,2019,237173.5,235044.6
Bahamas,2020,235044.6,235189.6
Bahamas,2021,235189.6,235450.4
Bahrain,2010,160705.2,167398.2
Bahrain,2011,167398.2,171251.5
Bahrain,2012,171251.5,177253.1
Bahrain,2013,177253.1,185436.9
Bahrain,2014,185436.9,196136.9
Bahrain,2015,196136.9,208802.8
Bahrain,2016,208802.8,229876.6
Bahrain,2017,229876.6,238857.7
Bahrain,2018,238857.7,233736.3
Bahrain,2019,233736.3,230458.8
Bahrain,2020,230458.8,246998.7
Bahrain,2021,246998.7,253665.8
Bangladesh,2010,243513.2,242447.3
Bangladesh,2011,242447.3,255190.0
Bangladesh,2012,255190.0,284426.4
Bangladesh,2013,284426.4,306013.5
Bangladesh,2014,306013.5,278921.0
Bangladesh,2015,278921.0,305673.9
Bangladesh,2016,305673.9,298704.7
Bangladesh,2017,298704.7,294445.2
Bangladesh,2018,294445.2,268928.9
Bangladesh,2019,268928.9,272540.6
Bangladesh,2020,272540.6,284955.5
Bangladesh,2021,284955.5,297350.8
Barbados,2010,141527.5,150572.3
Barbados,2011,150572.3,149863.69999999998
Barbados,2012,149863.69999999998,137745.1
Barbados,2013,137745.1,139513.3
Barbados,2014,139513.3,136077.1
Barbados,2015,136077.1,150484.6
Barbados,2016,150484.6,148190.5
Barbados,2017,148190.5,152715.0
Barbados,2018,152715.0,137708.9
Barbados,2019,137708.9,149705.7
Barbados,2020,149705.7,158948.4
Barbados,2021,158948.4,146662.1
Belarus,2010,193673.8,174781.5
Belarus,2011,174781.5,172875.8
Belarus,2012,172875.8,165005.6
Belarus,2013,165005.6,174936.1
Belarus,2014,174936.1,175710.8
Belarus,2015,175710.8,185628.2
Belarus,2016,185628.2,186511.4
Belarus,2017,186511.4,190124.4
Belarus,2018,190124.4,187825.5
Belarus,2019,187825.5,200885.7
Belarus,2020,200885.7,188304.0
Belarus,2021,188304.0,188495.5
Belgium,2010,389765.7,384994.6
Belgium,2011,384994.6,378055.5
Belgium,2012,378055.5,377545.5
Belgium,2013,377545.5,414593.8
Belgium,2014,414593.8,416606.5
Belgium,2015,416606.5,359767.39999999997
Belgium,2016,359767.39999999997,373147.1
Belgium,2017,373147.1,368963.4
Belgium,2018,368963.4,398276.5
Belgium,2019,398276.5,378409.9
Belgium,2020,378409.9,393037.8
Belgium,2021,393037.8,410093.6
Belize,2010,282198.4,242251.4
Belize,2011,242251.4,276880.1
Belize,2012,276880.1,312315.3
Belize,2013,312315.3,318927.5
Belize,2014,318927.5,244549.6
Belize,2015,244549.6,234479.5
Belize,2016,234479.5,273266.2
Belize,2017,273266.2,274699.4
Belize,2018,274699.4,220183.2
Belize,2019,220183.2,247679.0
Belize,2020,247679.0,242355.69999999998
Belize,2021,242355.69999999998,213385.4
Benin,2010,160339.3,189887.5
Benin,2011,189887.5,172538.4
Benin,2012,172538.4,171387.90000000002
Benin,2013,171387.90000000002,164442.9
Benin,2014,164442.9,153935.9
Benin,2015,153935.9,162824.80000000002
Benin,2016,162824.80000000002,168144.19999999998
Benin,2017,168144.19999999998,169948.7
Benin,2018,169948.7,171887.5
Benin,2019,171887.5,168675.6
Benin,2020,168675.6,168930.7
Benin,2021,168930.7,167755.1
Bhutan,2010,258483.3,273543.5
Bhutan,2011,273543.5,277730.7
Bhutan,2012,277730.7,281325.0
Bhutan,2013,281325.0,285036.6
Bhutan,2014,285036.6,293931.39999999997
Bhutan,2015,293931.39999999997,295916.7
Bhutan,2016,295916.7,321117.3
Bhutan,2017,321117.3,304219.10000000003
Bhutan,2018,304219.10000000003,332560.8
Bhutan,2019,332560.8,323522.9
Bhutan,2020,323522.9,288851.7
Bhutan,2021,288851.7,277256.3
Bolivia (Plurinational State of),2010,233753.1,233966.3
Bolivia (Plurinational State of),2011,233966.3,240714.4
Bolivia (Plurinational State of),2012,240714.4,239736.8
Bolivia (Plurinational State of),2013,239736.8,249583.19999999998
Bolivia (Plurinational State of),2014,249583.19999999998,252102.6
Bolivia (Plurinational State of),2015,252102.6,249998.5
Bolivia (Plurinational State of),2016,249998.5,259065.69999999998
Bolivia (Plurinational State of),2017,259065.69999999998,266321.8
Bolivia (Plurinational State of),2018,266321.8,264334.0
Bolivia (Plurinational State of),2019,264334.0,263565.2
Bolivia (Plurinational State of),2020,263565.2,264528.9
Bolivia (Plurinational State of),2021,264528.9,260950.2
Bosnia and Herzegovina,2010,225885.1,230002.6
Bosnia and Herzegovina,2011,230002.6,227844.2
Bosnia and Herzegovina,2012,227844.2,238967.5
Bosnia and Herzegovina,2013,238967.5,222900.1
Bosnia and Herzegovina,2014,222900.1,245542.9
Bosnia and Herzegovina,2015,245542.9,260422.0
Bosnia and Herzegovina,2016,260422.0,248389.8
Bosnia and Herzegovina,2017,248389.8,259791.19999999998
Bosnia and Herzegovina,2018,259791.19999999998,263881.8
Bosnia and Herzegovina,2019,263881.8,275659.1
Bosnia and Herzegovina,2020,275659.1,274085.2
Bosnia and Herzegovina,2021,274085.2,300880.9
Botswana,2010,39247.5,37211.7
Botswana,2011,37211.7,36724.0
Botswana,2012,36724.0,42465.3
Botswana,2013,42465.3,45224.8
Botswana,2014,45224.8,147432.3
Botswana,2015,147432.3,150311.8
Botswana,2016,150311.8,150732.7
Botswana,2017,150732.7,158417.19999999998
Botswana,2018,158417.19999999998,176310.4
Botswana,2019,176310.4,62738.9
Botswana,2020,62738.9,73725.8
Botswana,2021,73725.8,85844.7
Brazil,2010,620943.2,630597.0
Brazil,2011,630597.0,631082.1
Brazil,2012,631082.1,640470.0
Brazil,2013,640470.0,634882.1
Brazil,2014,634882.1,643354.6
Brazil,2015,643354.6,619956.7
Brazil,2016,619956.7,646390.0
Brazil,2017,646390.0,649655.2
Brazil,2018,649655.2,651746.3
Brazil,2019,651746.3,652546.2
Brazil,2020,652546.2,661439.1
Brazil,2021,661439.1,651773.0
Brunei Darussalam,2010,53648.0,53743.5
Brunei Darussalam,2011,53743.5,52638.5
Brunei Darussalam,2012,52638.5,53510.799999999996
Brunei Darussalam,2013,53510.799999999996,53395.299999999996
Brunei Darussalam,2014,53395.299999999996,54845.9
Brunei Darussalam,2015,54845.9,54227.9
Brunei Darussalam,2016,54227.9,54407.4
Brunei Darussalam,2017,54407.4,53952.1
Brunei Darussalam,2018,53952.1,52468.8
Brunei Darussalam,2019,52468.8,52109.5
Brunei Darussalam,2020,52109.5,51816.3
Brunei Darussalam,2021,51816.3,51917.3
Bulgaria,2010,173387.9,174386.6
Bulgaria,2011,174386.6,161336.5
Bulgaria,2012,161336.5,204126.4
Bulgaria,2013,204126.4,204704.6
Bulgaria,2014,204704.6,196779.7
Bulgaria,2015,196779.7,197630.7
Bulgaria,2016,197630.7,218224.8
Bulgaria,2017,218224.8,205030.2
Bulgaria,2018,205030.2,202961.5
Bulgaria,2019,202961.5,188334.69999999998
Bulgaria,2020,188334.69999999998,207896.2
Bulgaria,2021,207896.2,205248.9
Burkina Faso,2010,184044.6,194222.1
Burkina Faso,2011,194222.1,187719.8
Burkina Faso,2012,187719.8,214723.4
Burkina Faso,2013,214723.4,213738.8
Burkina Faso,2014,213738.8,210958.6
Burkina Faso,2015,210958.6,211958.59999999998
Burkina Faso,2016,211958.59999999998,209528.9
Burkina Faso,2017,209528.9,211639.7
Burkina Faso,2018,211639.7,211351.5
Burkina Faso,2019,211351.5,213204.7
Burkina Faso,2020,213204.7,212834.3
Burkina Faso,2021,212834.3,213639.1
Burundi,2010,104237.0,172080.1
Burundi,2011,172080.1,131472.09999999998
Burundi,2012,131472.09999999998,145115.80000000002
Burundi,2013,145115.80000000002,127442.5
Burundi,2014,127442.5,131513.90000000002
Burundi,2015,131513.90000000002,143522.1
Burundi,2016,143522.1,134371.9
Burundi,2017,134371.9,112146.0
Burundi,2018,112146.0,119670.8
Burundi,2019,119670.8,123996.70000000001
Burundi,2020,123996.70000000001,126611.2
Burundi,2021,126611.2,127688.9
Cabo Verde,2010,119095.9,121517.3
Cabo Verde,2011,121517.3,121148.8
Cabo Verde,2012,121148.8,123264.5
Cabo Verde,2013,123264.5,124404.59999999999
Cabo Verde,2014,124404.59999999999,124038.3
Cabo Verde,2015,124038.3,121211.4
Cabo Verde,2016,121211.4,116793.2
Cabo Verde,2017,116793.2,109554.1
Cabo Verde,2018,109554.1,149776.9
Cabo Verde,2019,149776.9,109024.6
Cabo Verde,2020,109024.6,100546.79999999999
Cabo Verde,2021,100546.79999999999,99121.4
Cambodia,2010,146216.5,149011.1
Cambodia,2011,149011.1,150416.2
Cambodia,2012,150416.2,155144.1
Cambodia,2013,155144.1,162024.6
Cambodia,2014,162024.6,167846.3
Cambodia,2015,167846.3,166321.6
Cambodia,2016,166321.6,163969.9
Cambodia,2017,163969.9,165232.5
Cambodia,2018,165232.5,164896.0
Cambodia,2019,164896.0,166154.9
Cambodia,2020,166154.9,168722.0
Cambodia,2021,168722.0,169583.6
Cameroon,2010,226351.0,222208.8
Cameroon,2011,222208.8,232133.9
Cameroon,2012,232133.9,231668.8
Cameroon,2013,231668.8,236860.6
Cameroon,2014,236860.6,237378.0
Cameroon,2015,237378.0,223712.2
Cameroon,2016,223712.2,232253.1
Cameroon,2017,232253.1,228764.7
Cameroon,2018,228764.7,241949.2
Cameroon,2019,241949.2,229745.3
Cameroon,2020,229745.3,226678.0
Cameroon,2021,226678.0,227015.3
Canada,2010,323226.7,334448.9
Canada,2011,334448.9,353635.4
Canada,2012,353635.4,370740.3
Canada,2013,370740.3,382205.9
Canada,2014,382205.9,378622.7
Canada,2015,378622.7,397359.7
Canada,2016,397359.7,409590.5
Canada,2017,409590.5,405594.6
Canada,2018,405594.6,403669.0
Canada,2019,403669.0,390242.9
Canada,2020,390242.9,386649.1
Canada,2021,386649.1,401177.8
Central African Republic,2010,77316.1,79356.6
Central African Republic,2011,79356.6,82990.4
Central African Republic,2012,82990.4,79921.2
Central African Republic,2013,79921.2,80848.2
Central African Republic,2014,80848.2,81644.9
Central African Republic,2015,81644.9,81911.0
Central African Republic,2016,81911.0,81887.8
Central African Republic,2017,81887.8,82449.5
Central African Republic,2018,82449.5,81518.4
Central African Republic,2019,81518.4,73025.09999999999
Central African Republic,2020,73025.09999999999,78045.7
Central African Republic,2021,78045.7,80580.2
Chad,2010,138920.6,139856.4
Chad,2011,139856.4,144787.4
Chad,2012,144787.4,141966.9
Chad,2013,141966.9,141729.1
Chad,2014,141729.1,141822.5
Chad,2015,141822.5,144254.9
Chad,2016,144254.9,143403.5
Chad,2017,143403.5,144093.90000000002
Chad,2018,144093.90000000002,144963.40000000002
Chad,2019,144963.40000000002,144689.4
Chad,2020,144689.4,144587.4
Chad,2021,144587.4,145001.80000000002
Chile,2010,554021.1,585080.8
Chile,2011,585080.8,572487.2
Chile,2012,572487.2,590078.4
Chile,2013,590078.4,573749.7999999999
Chile,2014,573749.7999999999,577402.5
Chile,2015,577402.5,592453.5
Chile,2016,592453.5,611284.0
Chile,2017,611284.0,636873.6
Chile,2018,636873.6,680354.1
Chile,2019,680354.1,673339.6
Chile,2020,673339.6,671078.2
Chile,2021,671078.2,669220.9
China,2010,746671.8,769879.2
China,2011,769879.2,791348.5
China,2012,791348.5,801341.8
China,2013,801341.8,817864.1
China,2014,817864.1,808624.7
China,2015,808624.7,828526.9
China,2016,828526.9,847951.8
China,2017,847951.8,854031.1
China,2018,854031.1,871318.1
China,2019,871318.1,879048.2
China,2020,879048.2,872346.4
China,2021,872346.4,880830.5
"China, Hong Kong SAR",2010,48383.6,48870.7
"China, Hong Kong SAR",2011,48870.7,51748.7
"China, Hong Kong SAR",2012,51748.7,51932.399999999994
"China, Hong Kong SAR",2013,51932.399999999994,50775.4
"China, Hong Kong SAR",2014,50775.4,51118.3
"China, Hong Kong SAR",2015,51118.3,51267.600000000006
"China, Hong Kong SAR",2016,51267.600000000006,51673.4
"China, Hong Kong SAR",2017,51673.4,50924.200000000004
"China, Hong Kong SAR",2018,50924.200000000004,51583.8
"China, Hong Kong SAR",2019,51583.8,51436.3
"China, Hong Kong SAR",2020,51436.3,51508.7
"China, Hong Kong SAR",2021,51508.7,51675.5
"China, Taiwan Province of",2010,557276.1,598872.9
"China, Taiwan Province of",2011,598872.9,577958.8
"China, Taiwan Province of",2012,577958.8,568848.8
"China, Taiwan Province of",2013,568848.8,594349.6
"China, Taiwan Province of",2014,594349.6,569809.3
"China, Taiwan Province of",2015,569809.3,513162.1
"China, Taiwan Province of",2016,513162.1,570541.9
"China, Taiwan Province of",2017,570541.9,591629.2000000001
"China, Taiwan Province of",2018,591629.2000000001,557999.3
"China, Taiwan Province of",2019,557999.3,575450.3
"China, Taiwan Province of",2020,575450.3,562349.6
"China, Taiwan Province of",2021,562349.6,563472.4
"China, mainland",2010,740112.7,761191.9
"China, mainland",2011,761191.9,783153.4
"China, mainland",2012,783153.4,791439.3
"China, mainland",2013,791439.3,806957.4
"China, mainland",2014,806957.4,796772.3
"China, mainland",2015,796772.3,821062.7
"China, mainland",2016,821062.7,836515.0
"China, mainland",2017,836515.0,843209.1
"China, mainland",2018,843209.1,861873.7999999999
"China, mainland",2019,861873.7999999999,867893.3
"China, mainland",2020,867893.3,863450.4
"China, mainland",2021,863450.4,871103.1
Colombia,2010,558902.3,566093.0
Colombia,2011,566093.0,564004.3
Colombia,2012,564004.3,574571.2
Colombia,2013,574571.2,584664.9
Colombia,2014,584664.9,582456.2000000001
Colombia,2015,582456.2000000001,577301.2000000001
Colombia,2016,577301.2000000001,548371.7000000001
Colombia,2017,548371.7000000001,546388.0
Colombia,2018,546388.0,550849.5
Colombia,2019,550849.5,590443.1
Colombia,2020,590443.1,605810.3
Colombia,2021,605810.3,603535.2
Comoros,2010,30377.3,30104.6
Comoros,2011,30104.6,30128.6
Comoros,2012,30128.6,30173.7
Comoros,2013,30173.7,30417.800000000003
Comoros,2014,30417.800000000003,30483.0
Comoros,2015,30483.0,30556.3
Comoros,2016,30556.3,30631.6
Comoros,2017,30631.6,30643.399999999998
Comoros,2018,30643.399999999998,30673.199999999997
Comoros,2019,30673.199999999997,30712.1
Comoros,2020,30712.1,30761.800000000003
Comoros,2021,30761.800000000003,30795.3
Congo,2010,163826.2,163921.30000000002
Congo,2011,163921.30000000002,166183.3
Congo,2012,166183.3,164840.2
Congo,2013,164840.2,163956.7
Congo,2014,163956.7,165139.0
Congo,2015,165139.0,165230.4
Congo,2016,165230.4,165744.4
Congo,2017,165744.4,166239.4
Congo,2018,166239.4,165461.0
Congo,2019,165461.0,165575.19999999998
Congo,2020,165575.19999999998,165809.0
Congo,2021,165809.0,165463.4
Cook Islands,2010,120721.6,117128.2
Cook Islands,2011,117128.2,113453.3
Cook Islands,2012,113453.3,115487.5
Cook Islands,2013,115487.5,110649.0
Cook Islands,2014,110649.0,105479.6
Cook Islands,2015,105479.6,158145.7
Cook Islands,2016,158145.7,135071.1
Cook Islands,2017,135071.1,124026.2
Cook Islands,2018,124026.2,151566.19999999998
Cook Islands,2019,151566.19999999998,131955.8
Cook Islands,2020,131955.8,158052.3
Cook Islands,2021,158052.3,160651.7
Costa Rica,2010,507025.39999999997,515904.2
Costa Rica,2011,515904.2,564742.9
Costa Rica,2012,564742.9,567402.9
Costa Rica,2013,567402.9,580267.8
Costa Rica,2014,580267.8,556767.2
Costa Rica,2015,556767.2,552101.7
Costa Rica,2016,552101.7,521781.6
Costa Rica,2017,521781.6,537455.9
Costa Rica,2018,537455.9,467237.4
Costa Rica,2019,467237.4,519753.5
Costa Rica,2020,519753.5,531157.2999999999
Costa Rica,2021,531157.2999999999,526308.8
Croatia,2010,272227.4,288405.1
Croatia,2011,288405.1,251535.30000000002
Croatia,2012,251535.30000000002,326263.3
Croatia,2013,326263.3,301968.0
Croatia,2014,301968.0,283832.2
Croatia,2015,283832.2,320195.2
Croatia,2016,320195.2,271479.6
Croatia,2017,271479.6,311704.5
Croatia,2018,311704.5,318999.6
Croatia,2019,318999.6,322670.5
Croatia,2020,322670.5,291537.5
Croatia,2021,291537.5,290404.4
Cuba,2010,200833.69999999998,225533.7
Cuba,2011,225533.7,257428.5
Cuba,2012,257428.5,264469.1
Cuba,2013,264469.1,257238.9
Cuba,2014,257238.9,283238.5
Cuba,2015,283238.5,259997.4
Cuba,2016,259997.4,259552.1
Cuba,2017,259552.1,260680.30000000002
Cuba,2018,260680.30000000002,238987.0
Cuba,2019,238987.0,222446.7
Cuba,2020,222446.7,216733.2
Cuba,2021,216733.2,229532.0
Cyprus,2010,642773.0,626901.2
Cyprus,2011,626901.2,556893.3
Cyprus,2012,556893.3,574586.8
Cyprus,2013,574586.8,559636.9
Cyprus,2014,559636.9,577299.2
Cyprus,2015,577299.2,479630.3
Cyprus,2016,479630.3,519492.89999999997
Cyprus,2017,519492.89999999997,398141.9
Cyprus,2018,398141.9,374593.7
Cyprus,2019,374593.7,377989.10000000003
Cyprus,2020,377989.10000000003,386871.3
Cyprus,2021,386871.3,396959.4
Czechia,2010,197750.9,236683.5
Czechia,2011,236683.5,219209.1
Czechia,2012,219209.1,224344.6
Czechia,2013,224344.6,244258.40000000002
Czechia,2014,244258.40000000002,236607.8
Czechia,2015,236607.8,249280.3
Czechia,2016,249280.3,231153.0
Czechia,2017,231153.0,223630.1
Czechia,2018,223630.1,218253.7
Czechia,2019,218253.7,226712.0
Czechia,2020,226712.0,233360.3
Czechia,2021,233360.3,239463.1
Côte d'Ivoire,2010,255990.19999999998,271122.9
Côte d'Ivoire,2011,271122.9,267377.1
Côte d'Ivoire,2012,267377.1,265327.0
Côte d'Ivoire,2013,265327.0,262766.2
Côte d'Ivoire,2014,262766.2,265615.2
Côte d'Ivoire,2015,265615.2,267443.6
Côte d'Ivoire,2016,267443.6,269679.7
Côte d'Ivoire,2017,269679.7,268597.5
Côte d'Ivoire,2018,268597.5,269413.3
Côte d'Ivoire,2019,269413.3,270263.7
Côte d'Ivoire,2020,270263.7,272969.9
Côte d'Ivoire,2021,272969.9,272243.2
Democratic People's Republic of Korea,2010,106855.2,107667.3
Democratic People's Republic of Korea,2011,107667.3,106478.1
Democratic People's Republic of Korea,2012,106478.1,107273.4
Democratic People's Republic of Korea,2013,107273.4,104083.2
Democratic People's Republic of Korea,2014,104083.2,99098.3
Democratic People's Republic of Korea,2015,99098.3,99673.6
Democratic People's Republic of Korea,2016,99673.6,97613.1
Democratic People's Republic of Korea,2017,97613.1,97724.6
Democratic People's Republic of Korea,2018,97724.6,101311.1
Democratic People's Republic of Korea,2019,101311.1,98857.6
Democratic People's Republic of Korea,2020,98857.6,98456.9
Democratic People's Republic of Korea,2021,98456.9,97658.5
Democratic Republic of the Congo,2010,206921.8,204868.5
Democratic Republic of the Congo,2011,204868.5,205665.5
Democratic Republic of the Congo,2012,205665.5,206752.6
Democratic Republic of the Congo,2013,206752.6,205174.4
Democratic Republic of the Congo,2014,205174.4,205935.4
Democratic Republic of the Congo,2015,205935.4,206537.4
Democratic Republic of the Congo,2016,206537.4,204803.0
Democratic Republic of the Congo,2017,204803.0,203598.5
Democratic Republic of the Congo,2018,203598.5,205176.5
Democratic Republic of the Congo,2019,205176.5,205540.2
Democratic Republic of the Congo,2020,205540.2,205447.2
Democratic Republic of the Congo,2021,205447.2,205192.0
Denmark,2010,234907.09999999998,260086.2
Denmark,2011,260086.2,258850.40000000002
Denmark,2012,258850.40000000002,269804.5
Denmark,2013,269804.5,281394.9
Denmark,2014,281394.9,282241.6
Denmark,2015,282241.6,277667.8
Denmark,2016,277667.8,271957.0
Denmark,2017,271957.0,247604.59999999998
Denmark,2018,247604.59999999998,277659.5
Denmark,2019,277659.5,277503.9
Denmark,2020,277503.9,264528.3
Denmark,2021,264528.3,282349.6
Djibouti,2010,86536.1,88199.7
Djibouti,2011,88199.7,88273.9
Djibouti,2012,88273.9,85937.8
Djibouti,2013,85937.8,87126.4
Djibouti,2014,87126.4,88495.8
Djibouti,2015,88495.8,88392.4
Djibouti,2016,88392.4,94733.6
Djibouti,2017,94733.6,94910.9
Djibouti,2018,94910.9,91868.90000000001
Djibouti,2019,91868.90000000001,91969.1
Djibouti,2020,91969.1,92061.2
Djibouti,2021,92061.2,92258.3
Dominica,2010,173952.9,177675.2
Dominica,2011,177675.2,181057.3
Dominica,2012,181057.3,179014.1
Dominica,2013,179014.1,178931.7
Dominica,2014,178931.7,179051.0
Dominica,2015,179051.0,179239.1
Dominica,2016,179239.1,178630.1
Dominica,2017,178630.1,179746.1
Dominica,2018,179746.1,179910.9
Dominica,2019,179910.9,177779.1
Dominica,2020,177779.1,179373.7
Dominica,2021,179373.7,179642.6
Dominican Republic,2010,512560.9,494937.4
Dominican Republic,2011,494937.4,537497.7000000001
Dominican Republic,2012,537497.7000000001,557061.1
Dominican Republic,2013,557061.1,624340.9
Dominican Republic,2014,624340.9,641104.6
Dominican Republic,2015,641104.6,405898.8
Dominican Republic,2016,405898.8,459570.2
Dominican Republic,2017,459570.2,807040.3
Dominican Republic,2018,807040.3,854221.7
Dominican Republic,2019,854221.7,835966.6000000001
Dominican Republic,2020,835966.6000000001,836785.1000000001
Dominican Republic,2021,836785.1000000001,767594.5
Ecuador,2010,342554.9,355822.1
Ecuador,2011,355822.1,345655.1
Ecuador,2012,345655.1,336605.0
Ecuador,2013,336605.0,376223.4
Ecuador,2014,376223.4,400910.8
Ecuador,2015,400910.8,373753.8
Ecuador,2016,373753.8,378745.4
Ecuador,2017,378745.4,365633.6
Ecuador,2018,365633.6,346347.3
Ecuador,2019,346347.3,375602.9
Ecuador,2020,375602.9,401006.0
Ecuador,2021,401006.0,394587.10000000003
Egypt,2010,732178.6,733884.2
Egypt,2011,733884.2,750017.7
Egypt,2012,750017.7,753818.2
Egypt,2013,753818.2,756884.0
Egypt,2014,756884.0,764669.2
Egypt,2015,764669.2,747762.5
Egypt,2016,747762.5,759730.7
Egypt,2017,759730.7,770623.6
Egypt,2018,770623.6,761312.3
Egypt,2019,761312.3,723644.5
Egypt,2020,723644.5,742871.7
Egypt,2021,742871.7,742875.8
El Salvador,2010,366226.5,360968.60000000003
El Salvador,2011,360968.60000000003,370246.5
El Salvador,2012,370246.5,367545.0
El Salvador,2013,367545.0,369988.4
El Salvador,2014,369988.4,370159.7
El Salvador,2015,370159.7,380487.2
El Salvador,2016,380487.2,437092.7
El Salvador,2017,437092.7,501819.1
El Salvador,2018,501819.1,473609.0
El Salvador,2019,473609.0,499719.3
El Salvador,2020,499719.3,436179.5
El Salvador,2021,436179.5,461743.3
Equatorial Guinea,2010,25534.4,25430.4
Equatorial Guinea,2011,25430.4,26146.5
Equatorial Guinea,2012,26146.5,26184.600000000002
Equatorial Guinea,2013,26184.600000000002,26124.399999999998
Equatorial Guinea,2014,26124.399999999998,26315.6
Equatorial Guinea,2015,26315.6,26154.6
Equatorial Guinea,2016,26154.6,26303.6
Equatorial Guinea,2017,26303.6,26420.6
Equatorial Guinea,2018,26420.6,26379.4
Equatorial Guinea,2019,26379.4,26265.4
Equatorial Guinea,2020,26265.4,26371.5
Equatorial Guinea,2021,26371.5,26355.5
Eritrea,2010,23095.5,23480.2
Eritrea,2011,23480.2,24450.5
Eritrea,2012,24450.5,23955.800000000003
Eritrea,2013,23955.800000000003,23723.9
Eritrea,2014,23723.9,23953.6
Eritrea,2015,23953.6,23719.8
Eritrea,2016,23719.8,23637.9
Eritrea,2017,23637.9,23865.3
Eritrea,2018,23865.3,23978.1
Eritrea,2019,23978.1,23706.7
Eritrea,2020,23706.7,23744.1
Eritrea,2021,23744.1,23836.1
Estonia,2010,67801.8,73005.2
Estonia,2011,73005.2,69798.2
Estonia,2012,69798.2,77934.9
Estonia,2013,77934.9,73399.0
Estonia,2014,73399.0,88799.8
Estonia,2015,88799.8,69687.1
Estonia,2016,69687.1,70193.0
Estonia,2017,70193.0,76933.6
Estonia,2018,76933.6,101553.3
Estonia,2019,101553.3,97591.4
Estonia,2020,97591.4,90705.1
Estonia,2021,90705.1,97110.4
Eswatini,2010,210338.69999999998,211318.9
Eswatini,2011,211318.9,211913.9
Eswatini,2012,211913.9,210725.8
Eswatini,2013,210725.8,210319.2
Eswatini,2014,210319.2,210274.3
Eswatini,2015,210274.3,209323.0
Eswatini,2016,209323.0,208452.6
Eswatini,2017,208452.6,207865.1
Eswatini,2018,207865.1,207056.40000000002
Eswatini,2019,207056.40000000002,208912.9
Eswatini,2020,208912.9,208959.1
Eswatini,2021,208959.1,208780.1
Ethiopia,2010,193695.8,194803.9
Ethiopia,2011,194803.9,211288.2
Ethiopia,2012,211288.2,428521.5
Ethiopia,2013,428521.5,228036.8
Ethiopia,2014,228036.8,205142.7
Ethiopia,2015,205142.7,204799.5
Ethiopia,2016,204799.5,202457.0
Ethiopia,2017,202457.0,207832.0
Ethiopia,2018,207832.0,209900.1
Ethiopia,2019,209900.1,209030.2
Ethiopia,2020,209030.2,204373.5
Ethiopia,2021,204373.5,205019.3
Faroe Islands,2010,14145.5,14189.1
Faroe Islands,2011,14189.1,14285.7
Faroe Islands,2012,14285.7,14545.5
Faroe Islands,2013,14545.5,14656.6
Faroe Islands,2014,14656.6,14366.5
Faroe Islands,2015,14366.5,15136.9
Faroe Islands,2016,15136.9,14825.7
Faroe Islands,2017,14825.7,14870.4
Faroe Islands,2018,14870.4,14979.0
Faroe Islands,2019,14979.0,15069.6
Faroe Islands,2020,15069.6,15153.5
Faroe Islands,2021,15153.5,15219.7
Fiji,2010,136376.5,147576.9
Fiji,2011,147576.9,134877.8
Fiji,2012,134877.8,151341.2
Fiji,2013,151341.2,165451.8
Fiji,2014,165451.8,201191.1
Fiji,2015,201191.1,216764.9
Fiji,2016,216764.9,223578.9
Fiji,2017,223578.9,224199.30000000002
Fiji,2018,224199.30000000002,228051.9
Fiji,2019,228051.9,207889.7
Fiji,2020,207889.7,204402.6
Fiji,2021,204402.6,204009.6
Finland,2010,123260.4,146482.7
Finland,2011,146482.7,124263.5
Finland,2012,124263.5,138318.8
Finland,2013,138318.8,145677.30000000002
Finland,2014,145677.30000000002,131081.3
Finland,2015,131081.3,135496.2
Finland,2016,135496.2,134074.1
Finland,2017,134074.1,129375.1
Finland,2018,129375.1,161138.4
Finland,2019,161138.4,141691.2
Finland,2020,141691.2,142160.1
Finland,2021,142160.1,158323.1
France,2010,536566.9,556519.0
France,2011,556519.0,522874.5
France,2012,522874.5,524148.3
France,2013,524148.3,560643.3
France,2014,560643.3,548055.1
France,2015,548055.1,593861.3
France,2016,593861.3,632688.1
France,2017,632688.1,559112.1
France,2018,559112.1,558871.2
France,2019,558871.2,549613.9
France,2020,549613.9,527439.4
France,2021,527439.4,543928.8
French Polynesia,2010,261347.5,260882.7
French Polynesia,2011,260882.7,268390.10000000003
French Polynesia,2012,268390.10000000003,269192.3
French Polynesia,2013,269192.3,270499.4
French Polynesia,2014,270499.4,272059.5
French Polynesia,2015,272059.5,270864.1
French Polynesia,2016,270864.1,270779.8
French Polynesia,2017,270779.8,270889.1
French Polynesia,2018,270889.1,274204.2
French Polynesia,2019,274204.2,274395.3
French Polynesia,2020,274395.3,275842.5
French Polynesia,2021,275842.5,277036.4
Gabon,2010,110520.6,111322.6
Gabon,2011,111322.6,111589.2
Gabon,2012,111589.2,112179.1
Gabon,2013,112179.1,113942.09999999999
Gabon,2014,113942.09999999999,115145.9
Gabon,2015,115145.9,114603.3
Gabon,2016,114603.3,113986.7
Gabon,2017,113986.7,113600.7
Gabon,2018,113600.7,114666.2
Gabon,2019,114666.2,113429.0
Gabon,2020,113429.0,112992.0
Gabon,2021,112992.0,113799.1
Gambia,2010,38071.4,37107.1
Gambia,2011,37107.1,38072.8
Gambia,2012,38072.8,37977.5
Gambia,2013,37977.5,37251.2
Gambia,2014,37251.2,38056.0
Gambia,2015,38056.0,37552.0
Gambia,2016,37552.0,37554.4
Gambia,2017,37554.4,37313.5
Gambia,2018,37313.5,36801.4
Gambia,2019,36801.4,37483.9
Gambia,2020,37483.9,38908.3
Gambia,2021,38908.3,38418.6
Georgia,2010,107317.8,113934.9
Georgia,2011,113934.9,114140.8
Georgia,2012,114140.8,125132.1
Georgia,2013,125132.1,122113.5
Georgia,2014,122113.5,121496.6
Georgia,2015,121496.6,123843.5
Georgia,2016,123843.5,124633.2
Georgia,2017,124633.2,130822.1
Georgia,2018,130822.1,173702.5
Georgia,2019,173702.5,184947.2
Georgia,2020,184947.2,182209.1
Georgia,2021,182209.1,173582.4
Germany,2010,335293.2,366743.7
Germany,2011,366743.7,356889.2
Germany,2012,356889.2,350398.7
Germany,2013,350398.7,406374.5
Germany,2014,406374.5,372974.1
Germany,2015,372974.1,368244.8
Germany,2016,368244.8,342906.0
Germany,2017,342906.0,311993.7
Germany,2018,311993.7,319385.6
Germany,2019,319385.6,325263.1
Germany,2020,325263.1,331983.7
Germany,2021,331983.7,320573.5
Ghana,2010,214562.9,220769.30000000002
Ghana,2011,220769.30000000002,226366.8
Ghana,2012,226366.8,233000.2
Ghana,2013,233000.2,236132.0
Ghana,2014,236132.0,236253.1
Ghana,2015,236253.1,237696.19999999998
Ghana,2016,237696.19999999998,238622.7
Ghana,2017,238622.7,240464.80000000002
Ghana,2018,240464.80000000002,243203.69999999998
Ghana,2019,243203.69999999998,247721.3
Ghana,2020,247721.3,248595.5
Ghana,2021,248595.5,250272.8
Greece,2010,544569.1,555593.2
Greece,2011,555593.2,555224.7
Greece,2012,555224.7,552946.1
Greece,2013,552946.1,608167.4
Greece,2014,608167.4,586029.0
Greece,2015,586029.0,614399.3
Greece,2016,614399.3,635907.9
Greece,2017,635907.9,632508.8
Greece,2018,632508.8,614886.5
Greece,2019,614886.5,602502.4
Greece,2020,602502.4,615939.8
Greece,2021,615939.8,645189.7999999999
Grenada,2010,192347.59999999998,191233.0
Grenada,2011,191233.0,188982.3
Grenada,2012,188982.3,189510.4
Grenada,2013,189510.4,188996.8
Grenada,2014,188996.8,188089.6
Grenada,2015,188089.6,188463.2
Grenada,2016,188463.2,187996.80000000002
Grenada,2017,187996.80000000002,187632.19999999998
Grenada,2018,187632.19999999998,187661.5
Grenada,2019,187661.5,187550.4
Grenada,2020,187550.4,188248.6
Grenada,2021,188248.6,188890.9
Guatemala,2010,472075.0,466884.9
Guatemala,2011,466884.9,483097.8
Guatemala,2012,483097.8,483988.7
Guatemala,2013,483988.7,527153.2
Guatemala,2014,527153.2,547758.3
Guatemala,2015,547758.3,557965.6
Guatemala,2016,557965.6,529783.7
Guatemala,2017,529783.7,533968.5
Guatemala,2018,533968.5,538323.2
Guatemala,2019,538323.2,540382.2
Guatemala,2020,540382.2,542577.2
Guatemala,2021,542577.2,547690.8
Guinea,2010,118010.7,119153.8
Guinea,2011,119153.8,117740.90000000001
Guinea,2012,117740.90000000001,117363.2
Guinea,2013,117363.2,118718.7
Guinea,2014,118718.7,119456.4
Guinea,2015,119456.4,119637.1
Guinea,2016,119637.1,119993.1
Guinea,2017,119993.1,120290.6
Guinea,2018,120290.6,135197.2
Guinea,2019,135197.2,136003.8
Guinea,2020,136003.8,136046.3
Guinea,2021,136046.3,136484.2
Guinea-Bissau,2010,116084.9,116775.7
Guinea-Bissau,2011,116775.7,120548.8
Guinea-Bissau,2012,120548.8,115755.5
Guinea-Bissau,2013,115755.5,117600.1
Guinea-Bissau,2014,117600.1,118661.1
Guinea-Bissau,2015,118661.1,116023.7
Guinea-Bissau,2016,116023.7,117844.7
Guinea-Bissau,2017,117844.7,117844.9
Guinea-Bissau,2018,117844.9,116213.8
Guinea-Bissau,2019,116213.8,116156.3
Guinea-Bissau,2020,116156.3,116578.5
Guinea-Bissau,2021,116578.5,117393.8
Guyana,2010,280208.9,235128.0
Guyana,2011,235128.0,248103.7
Guyana,2012,248103.7,269959.4
Guyana,2013,269959.4,453374.7
Guyana,2014,453374.7,611350.5
Guyana,2015,611350.5,661357.5
Guyana,2016,661357.5,840030.5
Guyana,2017,840030.5,652821.2
Guyana,2018,652821.2,855867.7
Guyana,2019,855867.7,910925.6
Guyana,2020,910925.6,914790.5
Guyana,2021,914790.5,918884.4
Haiti,2010,180398.6,185029.5
Haiti,2011,185029.5,185397.9
Haiti,2012,185397.9,187103.9
Haiti,2013,187103.9,187249.2
Haiti,2014,187249.2,187786.0
Haiti,2015,187786.0,187539.8
Haiti,2016,187539.8,188426.5
Haiti,2017,188426.5,186330.2
Haiti,2018,186330.2,186351.8
Haiti,2019,186351.8,186627.6
Haiti,2020,186627.6,186620.6
Haiti,2021,186620.6,185933.8
Honduras,2010,385434.0,393590.2
Honduras,2011,393590.2,415532.0
Honduras,2012,415532.0,424552.7
Honduras,2013,424552.7,527674.9
Honduras,2014,527674.9,527589.7
Honduras,2015,527589.7,526722.1
Honduras,2016,526722.1,520641.0
Honduras,2017,520641.0,517683.0
Honduras,2018,517683.0,528406.0
Honduras,2019,528406.0,534177.9
Honduras,2020,534177.9,533497.5
Honduras,2021,533497.5,544780.2
Hungary,2010,285726.2,285167.7
Hungary,2011,285167.7,275253.0
Hungary,2012,275253.0,318256.9
Hungary,2013,318256.9,344323.10000000003
Hungary,2014,344323.10000000003,313419.7
Hungary,2015,313419.7,336203.4
Hungary,2016,336203.4,326544.7
Hungary,2017,326544.7,316338.5
Hungary,2018,316338.5,310754.5
Hungary,2019,310754.5,302991.0
Hungary,2020,302991.0,302291.1
Hungary,2021,302291.1,278014.7
Iceland,2010,131113.6,122694.40000000001
Iceland,2011,122694.40000000001,126296.5
Iceland,2012,126296.5,143627.6
Iceland,2013,143627.6,138251.5
Iceland,2014,138251.5,134978.9
Iceland,2015,134978.9,143097.2
Iceland,2016,143097.2,129933.1
Iceland,2017,129933.1,136106.9
Iceland,2018,136106.9,112667.90000000001
Iceland,2019,112667.90000000001,96756.5
Iceland,2020,96756.5,97883.6
Iceland,2021,97883.6,99261.59999999999
India,2010,399704.6,412204.0
India,2011,412204.0,423967.3
India,2012,423967.3,426294.3
India,2013,426294.3,441220.3
India,2014,441220.3,442336.5
India,2015,442336.5,441796.80000000005
India,2016,441796.80000000005,406743.1
India,2017,406743.1,426963.39999999997
India,2018,426963.39999999997,422853.5
India,2019,422853.5,426735.6
India,2020,426735.6,423413.6
India,2021,423413.6,430402.0
Indonesia,2010,488326.9,510107.4
Indonesia,2011,510107.4,499920.0
Indonesia,2012,499920.0,514125.8
Indonesia,2013,514125.8,518355.1
Indonesia,2014,518355.1,523516.4
Indonesia,2015,523516.4,526034.8
Indonesia,2016,526034.8,531735.2
Indonesia,2017,531735.2,546828.3
Indonesia,2018,546828.3,546851.7
Indonesia,2019,546851.7,547821.1
Indonesia,2020,547821.1,551110.0
Indonesia,2021,551110.0,547469.3
Iran (Islamic Republic of),2010,563746.5,586928.0
Iran (Islamic Republic of),2011,586928.0,566447.2
Iran (Islamic Republic of),2012,566447.2,598267.2
Iran (Islamic Republic of),2013,598267.2,610318.9
Iran (Islamic Republic of),2014,610318.9,637295.7
Iran (Islamic Republic of),2015,637295.7,669848.3
Iran (Islamic Republic of),2016,669848.3,737218.5
Iran (Islamic Republic of),2017,737218.5,735977.0
Iran (Islamic Republic of),2018,735977.0,726417.3
Iran (Islamic Republic of),2019,726417.3,736474.2
Iran (Islamic Republic of),2020,736474.2,747470.0
Iran (Islamic Republic of),2021,747470.0,751730.0
Iraq,2010,215192.6,212878.5
Iraq,2011,212878.5,217108.4
Iraq,2012,217108.4,219666.3
Iraq,2013,219666.3,218838.1
Iraq,2014,218838.1,230392.2
Iraq,2015,230392.2,214558.5
Iraq,2016,214558.5,212959.4
Iraq,2017,212959.4,204782.7
Iraq,2018,204782.7,205823.4
Iraq,2019,205823.4,244131.0
Iraq,2020,244131.0,240314.5
Iraq,2021,240314.5,228269.5
Ireland,2010,247282.9,253072.3
Ireland,2011,253072.3,231517.5
Ireland,2012,231517.5,261379.3
Ireland,2013,261379.3,278879.7
Ireland,2014,278879.7,283180.4
Ireland,2015,283180.4,277142.8
Ireland,2016,277142.8,288339.0
Ireland,2017,288339.0,192701.3
Ireland,2018,192701.3,219798.8
Ireland,2019,219798.8,204548.3
Ireland,2020,204548.3,219200.3
Ireland,2021,219200.3,232195.4
Israel,2010,705865.9,690326.9
Israel,2011,690326.9,742484.1
Israel,2012,742484.1,725135.4
Israel,2013,725135.4,706639.3
Israel,2014,706639.3,677086.7
Israel,2015,677086.7,696972.3
Israel,2016,696972.3,763769.7999999999
Israel,2017,763769.7999999999,704147.6
Israel,2018,704147.6,754923.5
Israel,2019,754923.5,740839.8
Israel,2020,740839.8,744614.0
Israel,2021,744614.0,794243.4
Italy,2010,619723.0,632218.2
Italy,2011,632218.2,624506.6
Italy,2012,624506.6,621497.7
Italy,2013,621497.7,644060.9
Italy,2014,644060.9,660094.1
Italy,2015,660094.1,692149.4
Italy,2016,692149.4,650006.3
Italy,2017,650006.3,544459.7
Italy,2018,544459.7,562263.6
Italy,2019,562263.6,617116.9
Italy,2020,617116.9,598222.8
Italy,2021,598222.8,619091.6
Jamaica,2010,277369.5,295851.2
Jamaica,2011,295851.2,287372.3
Jamaica,2012,287372.3,283385.1
Jamaica,2013,283385.1,293691.8
Jamaica,2014,293691.8,293760.7
Jamaica,2015,293760.7,300988.8
Jamaica,2016,300988.8,300918.3
Jamaica,2017,300918.3,300907.5
Jamaica,2018,300907.5,290411.0
Jamaica,2019,290411.0,289705.6
Jamaica,2020,289705.6,294200.2
Jamaica,2021,294200.2,306401.8
Japan,2010,505370.9,496362.1
Japan,2011,496362.1,508635.1
Japan,2012,508635.1,514482.0
Japan,2013,514482.0,524389.7
Japan,2014,524389.7,524541.1
Japan,2015,524541.1,523948.5
Japan,2016,523948.5,529532.9
Japan,2017,529532.9,516019.4
Japan,2018,516019.4,524634.9
Japan,2019,524634.9,523990.0
Japan,2020,523990.0,530879.3
Japan,2021,530879.3,527071.3
Jordan,2010,370973.9,450958.4
Jordan,2011,450958.4,412846.2
Jordan,2012,412846.2,428243.1
Jordan,2013,428243.1,473536.0
Jordan,2014,473536.0,504499.9
Jordan,2015,504499.9,563752.8
Jordan,2016,563752.8,553555.4
Jordan,2017,553555.4,558710.9
Jordan,2018,558710.9,543401.1
Jordan,2019,543401.1,547135.2
Jordan,2020,547135.2,656476.3
Jordan,2021,656476.3,627168.5
Kazakhstan,2010,184875.3,203498.9
Kazakhstan,2011,203498.9,211689.9
Kazakhstan,2012,211689.9,221936.6
Kazakhstan,2013,221936.6,235467.9
Kazakhstan,2014,235467.9,225603.8
Kazakhstan,2015,225603.8,235450.1
Kazakhstan,2016,235450.1,232726.1
Kazakhstan,2017,232726.1,241477.19999999998
Kazakhstan,2018,241477.19999999998,245669.9
Kazakhstan,2019,245669.9,250440.8
Kazakhstan,2020,250440.8,248708.9
Kazakhstan,2021,248708.9,253108.3
Kenya,2010,443266.2,369887.9
Kenya,2011,369887.9,384255.8
Kenya,2012,384255.8,398478.7
Kenya,2013,398478.7,435912.8
Kenya,2014,435912.8,445721.6
Kenya,2015,445721.6,401590.6
Kenya,2016,401590.6,352188.7
Kenya,2017,352188.7,368376.8
Kenya,2018,368376.8,358015.2
Kenya,2019,358015.2,393697.9
Kenya,2020,393697.9,387890.2
Kenya,2021,387890.2,366038.4
Kiribati,2010,50737.899999999994,50764.7
Kiribati,2011,50764.7,50456.600000000006
Kiribati,2012,50456.600000000006,50929.7
Kiribati,2013,50929.7,50839.5
Kiribati,2014,50839.5,50886.0
Kiribati,2015,50886.0,53101.2
Kiribati,2016,53101.2,52753.399999999994
Kiribati,2017,52753.399999999994,49779.3
Kiribati,2018,49779.3,47958.100000000006
Kiribati,2019,47958.100000000006,47755.3
Kiribati,2020,47755.3,48521.0
Kiribati,2021,48521.0,48367.1
Kuwait,2010,269122.1,355676.0
Kuwait,2011,355676.0,361133.0
Kuwait,2012,361133.0,385276.4
Kuwait,2013,385276.4,403311.3
Kuwait,2014,403311.3,392785.5
Kuwait,2015,392785.5,337580.8
Kuwait,2016,337580.8,359525.9
Kuwait,2017,359525.9,395170.4
Kuwait,2018,395170.4,425228.8
Kuwait,2019,425228.8,290068.2
Kuwait,2020,290068.2,332364.5
Kuwait,2021,332364.5,370762.3
Kyrgyzstan,2010,209613.8,219184.2
Kyrgyzstan,2011,219184.2,217507.5
Kyrgyzstan,2012,217507.5,230833.1
Kyrgyzstan,2013,230833.1,222211.0
Kyrgyzstan,2014,222211.0,240140.80000000002
Kyrgyzstan,2015,240140.80000000002,269473.0
Kyrgyzstan,2016,269473.0,252226.9
Kyrgyzstan,2017,252226.9,259284.19999999998
Kyrgyzstan,2018,259284.19999999998,260341.4
Kyrgyzstan,2019,260341.4,263733.4
Kyrgyzstan,2020,263733.4,234672.4
Kyrgyzstan,2021,234672.4,260266.7
Lao People's Democratic Republic,2010,207210.7,209139.1
Lao People's Democratic Republic,2011,209139.1,218173.7
Lao People's Democratic Republic,2012,218173.7,232780.7
Lao People's Democratic Republic,2013,232780.7,227742.30000000002
Lao People's Democratic Republic,2014,227742.30000000002,247595.6
Lao People's Democratic Republic,2015,247595.6,258966.4
Lao People's Democratic Republic,2016,258966.4,271067.4
Lao People's Democratic Republic,2017,271067.4,268682.4
Lao People's Democratic Republic,2018,268682.4,251189.3
Lao People's Democratic Republic,2019,251189.3,249526.8
Lao People's Democratic Republic,2020,249526.8,242631.2
Lao People's Democratic Republic,2021,242631.2,239952.4
Latvia,2010,81368.7,85999.7
Latvia,2011,85999.7,93064.3
Latvia,2012,93064.3,96421.0
Latvia,2013,96421.0,102404.4
Latvia,2014,102404.4,111729.6
Latvia,2015,111729.6,105606.0
Latvia,2016,105606.0,93716.9
Latvia,2017,93716.9,79808.2
Latvia,2018,79808.2,99018.5
Latvia,2019,99018.5,104991.4
Latvia,2020,104991.4,82456.9
Latvia,2021,82456.9,86588.9
Lebanon,2010,424983.7,414005.5
Lebanon,2011,414005.5,412979.6
Lebanon,2012,412979.6,401707.2
Lebanon,2013,401707.2,431592.1
Lebanon,2014,431592.1,448855.3
Lebanon,2015,448855.3,496825.5
Lebanon,2016,496825.5,475788.7
Lebanon,2017,475788.7,468567.1
Lebanon,2018,468567.1,446671.0
Lebanon,2019,446671.0,449091.6
Lebanon,2020,449091.6,443437.0
Lebanon,2021,443437.0,445932.4
Lesotho,2010,35448.0,34267.5
Lesotho,2011,34267.5,33082.0
Lesotho,2012,33082.0,34831.1
Lesotho,2013,34831.1,34032.9
Lesotho,2014,34032.9,34129.7
Lesotho,2015,34129.7,34801.399999999994
Lesotho,2016,34801.399999999994,36460.4
Lesotho,2017,36460.4,35343.1
Lesotho,2018,35343.1,35646.7
Lesotho,2019,35646.7,34555.6
Lesotho,2020,34555.6,35656.7
Lesotho,2021,35656.7,35244.0
Liberia,2010,67317.7,67295.9
Liberia,2011,67295.9,67425.1
Liberia,2012,67425.1,67458.6
Liberia,2013,67458.6,67075.1
Liberia,2014,67075.1,67034.4
Liberia,2015,67034.4,65243.5
Liberia,2016,65243.5,68252.5
Liberia,2017,68252.5,68329.8
Liberia,2018,68329.8,68336.0
Liberia,2019,68336.0,67899.6
Liberia,2020,67899.6,67904.7
Liberia,2021,67904.7,68111.0
Libya,2010,190265.3,186462.6
Libya,2011,186462.6,187751.7
Libya,2012,187751.7,186170.8
Libya,2013,186170.8,192253.30000000002
Libya,2014,192253.30000000002,195158.2
Libya,2015,195158.2,191022.2
Libya,2016,191022.2,192668.3
Libya,2017,192668.3,193963.5
Libya,2018,193963.5,189626.5
Libya,2019,189626.5,192072.9
Libya,2020,192072.9,193086.6
Libya,2021,193086.6,193864.6
Lithuania,2010,121540.5,143074.0
Lithuania,2011,143074.0,154607.3
Lithuania,2012,154607.3,148020.9
Lithuania,2013,148020.9,156854.2
Lithuania,2014,156854.2,149264.8
Lithuania,2015,149264.8,156880.5
Lithuania,2016,156880.5,145122.6
Lithuania,2017,145122.6,148016.5
Lithuania,2018,148016.5,165932.9
Lithuania,2019,165932.9,166430.2
Lithuania,2020,166430.2,145093.4
Lithuania,2021,145093.4,159044.0
Luxembourg,2010,173130.0,167362.7
Luxembourg,2011,167362.7,162986.2
Luxembourg,2012,162986.2,173359.0
Luxembourg,2013,173359.0,184256.0
Luxembourg,2014,184256.0,180045.3
Luxembourg,2015,180045.3,148800.2
Luxembourg,2016,148800.2,127857.6
Luxembourg,2017,127857.6,151509.4
Luxembourg,2018,151509.4,142726.8
Luxembourg,2019,142726.8,177311.0
Luxembourg,2020,177311.0,138603.1
Luxembourg,2021,138603.1,148772.8
Madagascar,2010,164122.9,163989.5
Madagascar,2011,163989.5,164705.9
Madagascar,2012,164705.9,163086.8
Madagascar,2013,163086.8,163232.3
Madagascar,2014,163232.3,162981.5
Madagascar,2015,162981.5,162304.6
Madagascar,2016,162304.6,162079.1
Madagascar,2017,162079.1,161782.6
Madagascar,2018,161782.6,162233.6
Madagascar,2019,162233.6,162805.3
Madagascar,2020,162805.3,163037.1
Madagascar,2021,163037.1,163038.8
Malawi,2010,244906.6,250235.8
Malawi,2011,250235.8,250011.1
Malawi,2012,250011.1,258567.4
Malawi,2013,258567.4,384464.10000000003
Malawi,2014,384464.10000000003,381809.3
Malawi,2015,381809.3,376198.8
Malawi,2016,376198.8,388406.1
Malawi,2017,388406.1,365405.5
Malawi,2018,365405.5,370080.39999999997
Malawi,2019,370080.39999999997,370587.2
Malawi,2020,370587.2,373000.3
Malawi,2021,373000.3,375004.89999999997
Malaysia,2010,237598.6,226672.2
Malaysia,2011,226672.2,239938.30000000002
Malaysia,2012,239938.30000000002,232988.2
Malaysia,2013,232988.2,261255.5
Malaysia,2014,261255.5,259300.1
Malaysia,2015,259300.1,243907.3
Malaysia,2016,243907.3,253340.4
Malaysia,2017,253340.4,258049.3
Malaysia,2018,258049.3,254202.4
Malaysia,2019,254202.4,282861.2
Malaysia,2020,282861.2,283674.7
Malaysia,2021,283674.7,280082.3
Maldives,2010,78333.3,80183.5
Maldives,2011,80183.5,79284.0
Maldives,2012,79284.0,77964.1
Maldives,2013,77964.1,77917.8
Maldives,2014,77917.8,77547.7
Maldives,2015,77547.7,77973.2
Maldives,2016,77973.2,77406.5
Maldives,2017,77406.5,77598.3
Maldives,2018,77598.3,76985.8
Maldives,2019,76985.8,76632.6
Maldives,2020,76632.6,75834.5
Maldives,2021,75834.5,78038.9
Mali,2010,306210.2,305983.6
Mali,2011,305983.6,320512.5
Mali,2012,320512.5,330497.4
Mali,2013,330497.4,324217.1
Mali,2014,324217.1,334732.3
Mali,2015,334732.3,339301.7
Mali,2016,339301.7,339724.4
Mali,2017,339724.4,353547.60000000003
Mali,2018,353547.60000000003,360881.89999999997
Mali,2019,360881.89999999997,335839.8
Mali,2020,335839.8,322095.39999999997
Mali,2021,322095.39999999997,312243.8
Malta,2010,253650.6,261685.3
Malta,2011,261685.3,254335.6
Malta,2012,254335.6,244171.30000000002
Malta,2013,244171.30000000002,246447.1
Malta,2014,246447.1,240073.6
Malta,2015,240073.6,238855.4
Malta,2016,238855.4,239788.8
Malta,2017,239788.8,23350.9
Malta,2018,23350.9,20743.3
Malta,2019,20743.3,20439.7
Malta,2020,20439.7,18230.300000000003
Malta,2021,18230.300000000003,20317.300000000003
Marshall Islands,2010,3400.0,2950.0
Marshall Islands,2011,2950.0,3300.0
Marshall Islands,2012,3300.0,3500.0
Marshall Islands,2013,3500.0,2623.3
Marshall Islands,2014,2623.3,2833.2
Marshall Islands,2015,2833.2,3987.4
Marshall Islands,2016,3987.4,3987.4
Marshall Islands,2017,3987.4,2830.2
Marshall Islands,2018,2830.2,3315.8
Marshall Islands,2019,3315.8,3315.8
Marshall Islands,2020,3315.8,3315.8
Marshall Islands,2021,3315.8,3442.3
Mauritania,2010,30754.1,29404.5
Mauritania,2011,29404.5,29658.9
Mauritania,2012,29658.9,29117.0
Mauritania,2013,29117.0,29810.4
Mauritania,2014,29810.4,30057.1
Mauritania,2015,30057.1,29938.4
Mauritania,2016,29938.4,30760.9
Mauritania,2017,30760.9,30733.5
Mauritania,2018,30733.5,28941.0
Mauritania,2019,28941.0,29724.4
Mauritania,2020,29724.4,30759.800000000003
Mauritania,2021,30759.800000000003,31310.0
Mauritius,2010,180638.5,188010.09999999998
Mauritius,2011,188010.09999999998,184852.2
Mauritius,2012,184852.2,180200.6
Mauritius,2013,180200.6,188626.30000000002
Mauritius,2014,188626.30000000002,173728.2
Mauritius,2015,173728.2,176620.9
Mauritius,2016,176620.9,175423.4
Mauritius,2017,175423.4,160186.4
Mauritius,2018,160186.4,170747.3
Mauritius,2019,170747.3,156189.2
Mauritius,2020,156189.2,157405.0
Mauritius,2021,157405.0,155518.0
Mexico,2010,658291.2,663530.6
Mexico,2011,663530.6,677980.7
Mexico,2012,677980.7,690169.8
Mexico,2013,690169.8,703087.8
Mexico,2014,703087.8,689981.1
Mexico,2015,689981.1,720014.7
Mexico,2016,720014.7,727699.6
Mexico,2017,727699.6,757234.6
Mexico,2018,757234.6,765171.2
Mexico,2019,765171.2,750769.1
Mexico,2020,750769.1,748191.6
Mexico,2021,748191.6,758574.3
Micronesia (Federated States of),2010,38034.9,38741.0
Micronesia (Federated States of),2011,38741.0,38386.2
Micronesia (Federated States of),2012,38386.2,37892.6
Micronesia (Federated States of),2013,37892.6,38842.1
Micronesia (Federated States of),2014,38842.1,38880.5
Micronesia (Federated States of),2015,38880.5,38879.6
Micronesia (Federated States of),2016,38879.6,38770.3
Micronesia (Federated States of),2017,38770.3,40140.3
Micronesia (Federated States of),2018,40140.3,39942.5
Micronesia (Federated States of),2019,39942.5,40062.1
Micronesia (Federated States of),2020,40062.1,40077.9
Micronesia (Federated States of),2021,40077.9,40202.8
Mongolia,2010,33578.6,36190.0
Mongolia,2011,36190.0,38275.3
Mongolia,2012,38275.3,35274.5
Mongolia,2013,35274.5,33701.1
Mongolia,2014,33701.1,29156.1
Mongolia,2015,29156.1,29301.6
Mongolia,2016,29301.6,26821.0
Mongolia,2017,26821.0,33377.5
Mongolia,2018,33377.5,28938.8
Mongolia,2019,28938.8,33933.1
Mongolia,2020,33933.1,28794.7
Mongolia,2021,28794.7,29191.8
Montenegro,2010,416662.7,422424.10000000003
Montenegro,2011,422424.10000000003,374694.2
Montenegro,2012,374694.2,256998.0
Montenegro,2013,256998.0,274811.7
Montenegro,2014,274811.7,260231.6
Montenegro,2015,260231.6,252715.2
Montenegro,2016,252715.2,248764.3
Montenegro,2017,248764.3,247342.6
Montenegro,2018,247342.6,228428.80000000002
Montenegro,2019,228428.80000000002,222813.19999999998
Montenegro,2020,222813.19999999998,231139.8
Montenegro,2021,231139.8,228562.3
Morocco,2010,590910.8,613194.9
Morocco,2011,613194.9,617310.8
Morocco,2012,617310.8,584195.3
Morocco,2013,584195.3,598139.4
Morocco,2014,598139.4,613830.0
Morocco,2015,613830.0,573473.5
Morocco,2016,573473.5,631970.7
Morocco,2017,631970.7,667100.9
Morocco,2018,667100.9,656028.5
Morocco,2019,656028.5,640110.3
Morocco,2020,640110.3,672825.9
Morocco,2021,672825.9,665951.8
Mozambique,2010,153778.0,163630.8
Mozambique,2011,163630.8,162518.8
Mozambique,2012,162518.8,152978.69999999998
Mozambique,2013,152978.69999999998,175058.3
Mozambique,2014,175058.3,166978.3
Mozambique,2015,166978.3,166268.3
Mozambique,2016,166268.3,169150.4
Mozambique,2017,169150.4,173075.1
Mozambique,2018,173075.1,171858.80000000002
Mozambique,2019,171858.80000000002,172180.4
Mozambique,2020,172180.4,180206.3
Mozambique,2021,180206.3,185535.4
Myanmar,2010,189651.5,188281.3
Myanmar,2011,188281.3,186550.9
Myanmar,2012,186550.9,188157.4
Myanmar,2013,188157.4,190473.8
Myanmar,2014,190473.8,191022.8
Myanmar,2015,191022.8,187987.4
Myanmar,2016,187987.4,188779.0
Myanmar,2017,188779.0,192401.6
Myanmar,2018,192401.6,190356.4
Myanmar,2019,190356.4,191728.6
Myanmar,2020,191728.6,191296.3
Myanmar,2021,191296.3,192228.4
Namibia,2010,85135.8,84962.0
Namibia,2011,84962.0,80639.3
Namibia,2012,80639.3,81612.8
Namibia,2013,81612.8,81800.3
Namibia,2014,81800.3,81477.90000000001
Namibia,2015,81477.90000000001,80045.2
Namibia,2016,80045.2,81173.7
Namibia,2017,81173.7,81506.9
Namibia,2018,81506.9,81346.5
Namibia,2019,81346.5,81483.7
Namibia,2020,81483.7,82803.90000000001
Namibia,2021,82803.90000000001,82493.6
Nauru,2010,23475.9,22445.0
Nauru,2011,22445.0,23821.2
Nauru,2012,23821.2,24329.7
Nauru,2013,24329.7,24293.6
Nauru,2014,24293.6,23824.5
Nauru,2015,23824.5,23871.8
Nauru,2016,23871.8,33310.5
Nauru,2017,33310.5,41510.3
Nauru,2018,41510.3,43012.0
Nauru,2019,43012.0,43385.0
Nauru,2020,43385.0,45406.2
Nauru,2021,45406.2,45670.4
Nepal,2010,240397.7,237757.2
Nepal,2011,237757.2,246974.4
Nepal,2012,246974.4,242934.8
Nepal,2013,242934.8,240272.9
Nepal,2014,240272.9,241465.8
Nepal,2015,241465.8,251983.3
Nepal,2016,251983.3,239582.1
Nepal,2017,239582.1,262011.6
Nepal,2018,262011.6,268616.2
Nepal,2019,268616.2,269816.0
Nepal,2020,269816.0,271089.8
Nepal,2021,271089.8,281818.9
Netherlands (Kingdom of the),2010,436197.9,473830.2
Netherlands (Kingdom of the),2011,473830.2,452517.0
Netherlands (Kingdom of the),2012,452517.0,466795.4
Netherlands (Kingdom of the),2013,466795.4,502587.60000000003
Netherlands (Kingdom of the),2014,502587.60000000003,479959.9
Netherlands (Kingdom of the),2015,479959.9,477586.3
Netherlands (Kingdom of the),2016,477586.3,483269.0
Netherlands (Kingdom of the),2017,483269.0,443832.7
Netherlands (Kingdom of the),2018,443832.7,472785.1
Netherlands (Kingdom of the),2019,472785.1,469415.5
Netherlands (Kingdom of the),2020,469415.5,473717.7
Netherlands (Kingdom of the),2021,473717.7,488768.7
New Caledonia,2010,57113.7,57692.7
New Caledonia,2011,57692.7,63597.3
New Caledonia,2012,63597.3,60669.2
New Caledonia,2013,60669.2,59582.5
New Caledonia,2014,59582.5,62909.1
New Caledonia,2015,62909.1,63726.9
New Caledonia,2016,63726.9,63186.2
New Caledonia,2017,63186.2,63413.9
New Caledonia,2018,63413.9,62512.799999999996
New Caledonia,2019,62512.799999999996,62650.8
New Caledonia,2020,62650.8,62697.299999999996
New Caledonia,2021,62697.299999999996,62359.0
New Zealand,2010,505966.4,502833.9
New Zealand,2011,502833.9,498517.4
New Zealand,2012,498517.4,506064.5
New Zealand,2013,506064.5,525375.0
New Zealand,2014,525375.0,507093.3
New Zealand,2015,507093.3,505450.10000000003
New Zealand,2016,505450.10000000003,505938.7
New Zealand,2017,505938.7,508735.6
New Zealand,2018,508735.6,515070.7
New Zealand,2019,515070.7,517640.3
New Zealand,2020,517640.3,514770.1
New Zealand,2021,514770.1,520235.7
Nicaragua,2010,244096.6,257341.1
Nicaragua,2011,257341.1,263194.7
Nicaragua,2012,263194.7,256274.6
Nicaragua,2013,256274.6,268245.8
Nicaragua,2014,268245.8,271975.6
Nicaragua,2015,271975.6,270196.60000000003
Nicaragua,2016,270196.60000000003,284975.5
Nicaragua,2017,284975.5,284947.2
Nicaragua,2018,284947.2,269992.0
Nicaragua,2019,269992.0,279735.9
Nicaragua,2020,279735.9,286326.0
Nicaragua,2021,286326.0,290936.5
Niger,2010,119048.4,130427.0
Niger,2011,130427.0,140146.2
Niger,2012,140146.2,139169.3
Niger,2013,139169.3,162265.4
Niger,2014,162265.4,159999.1
Niger,2015,159999.1,142335.5
Niger,2016,142335.5,154888.5
Niger,2017,154888.5,148048.5
Niger,2018,148048.5,162527.9
Niger,2019,162527.9,170398.3
Niger,2020,170398.3,182333.3
Niger,2021,182333.3,185494.4
Nigeria,2010,109219.5,102543.8
Nigeria,2011,102543.8,100937.0
Nigeria,2012,100937.0,97180.7
Nigeria,2013,97180.7,99361.6
Nigeria,2014,99361.6,98274.7
Nigeria,2015,98274.7,100633.4
Nigeria,2016,100633.4,101627.7
Nigeria,2017,101627.7,102340.8
Nigeria,2018,102340.8,100478.90000000001
Nigeria,2019,100478.90000000001,105181.6
Nigeria,2020,105181.6,107725.4
Nigeria,2021,107725.4,109109.5
Niue,2010,20882.1,20634.5
Niue,2011,20634.5,19774.0
Niue,2012,19774.0,20569.9
Niue,2013,20569.9,20292.8
Niue,2014,20292.8,20178.8
Niue,2015,20178.8,20337.9
Niue,2016,20337.9,20177.2
Niue,2017,20177.2,20282.9
Niue,2018,20282.9,20205.5
Niue,2019,20205.5,20151.8
Niue,2020,20151.8,20156.2
Niue,2021,20156.2,20037.1
North Macedonia,2010,262888.3,255381.1
North Macedonia,2011,255381.1,248996.0
North Macedonia,2012,248996.0,255870.7
North Macedonia,2013,255870.7,254932.6
North Macedonia,2014,254932.6,255980.2
North Macedonia,2015,255980.2,256428.4
North Macedonia,2016,256428.4,243304.2
North Macedonia,2017,243304.2,256261.9
North Macedonia,2018,256261.9,252701.0
North Macedonia,2019,252701.0,259783.1
North Macedonia,2020,259783.1,256110.8
North Macedonia,2021,256110.8,258366.8
Norway,2010,116566.4,96133.3
Norway,2011,96133.3,104706.9
Norway,2012,104706.9,98967.5
Norway,2013,98967.5,120159.7
Norway,2014,120159.7,113629.0
Norway,2015,113629.0,119085.2
Norway,2016,119085.2,119598.1
Norway,2017,119598.1,112141.4
Norway,2018,112141.4,127064.6
Norway,2019,127064.6,119793.4
Norway,2020,119793.4,128889.4
Norway,2021,128889.4,131482.3
Oman,2010,228148.4,217126.2
Oman,2011,217126.2,240862.3
Oman,2012,240862.3,205391.3
Oman,2013,205391.3,195052.8
Oman,2014,195052.8,203081.9
Oman,2015,203081.9,216309.8
Oman,2016,216309.8,234307.4
Oman,2017,234307.4,232398.9
Oman,2018,232398.9,230853.1
Oman,2019,230853.1,256513.5
Oman,2020,256513.5,255483.9
Oman,2021,255483.9,283741.7
Pakistan,2010,276980.5,311991.4
Pakistan,2011,311991.4,289949.7
Pakistan,2012,289949.7,291213.2
Pakistan,2013,291213.2,276914.5
Pakistan,2014,276914.5,308411.8
Pakistan,2015,308411.8,315088.9
Pakistan,2016,315088.9,314072.6
Pakistan,2017,314072.6,319128.5
Pakistan,2018,319128.5,320865.3
Pakistan,2019,320865.3,350108.1
Pakistan,2020,350108.1,377846.0
Pakistan,2021,377846.0,385612.39999999997
Palestine,2010,454160.4,460239.8
Palestine,2011,460239.8,477400.0
Palestine,2012,477400.0,480219.0
Palestine,2013,480219.0,473549.2
Palestine,2014,473549.2,479456.5
Palestine,2015,479456.5,503393.8
Palestine,2016,503393.8,485676.9
Palestine,2017,485676.9,432770.5
Palestine,2018,432770.5,486706.3
Palestine,2019,486706.3,497983.0
Palestine,2020,497983.0,468395.6
Palestine,2021,468395.6,482302.1
Panama,2010,290725.6,282798.5
Panama,2011,282798.5,296019.5
Panama,2012,296019.5,297959.3
Panama,2013,297959.3,309030.5
Panama,2014,309030.5,309616.0
Panama,2015,309616.0,320001.1
Panama,2016,320001.1,328666.6
Panama,2017,328666.6,355613.5
Panama,2018,355613.5,374812.9
Panama,2019,374812.9,379685.9
Panama,2020,379685.9,336833.7
Panama,2021,336833.7,354032.0
Papua New Guinea,2010,148345.3,149153.3
Papua New Guinea,2011,149153.3,147940.0
Papua New Guinea,2012,147940.0,148759.8
Papua New Guinea,2013,148759.8,150309.8
Papua New Guinea,2014,150309.8,148467.0
Papua New Guinea,2015,148467.0,146722.0
Papua New Guinea,2016,146722.0,143809.3
Papua New Guinea,2017,143809.3,142326.6
Papua New Guinea,2018,142326.6,141943.1
Papua New Guinea,2019,141943.1,141366.2
Papua New Guinea,2020,141366.2,140292.7
Papua New Guinea,2021,140292.7,139360.19999999998
Paraguay,2010,357070.39999999997,344324.6
Paraguay,2011,344324.6,331544.5
Paraguay,2012,331544.5,344731.6
Paraguay,2013,344731.6,349751.8
Paraguay,2014,349751.8,361210.5
Paraguay,2015,361210.5,361336.8
Paraguay,2016,361336.8,359713.2
Paraguay,2017,359713.2,360848.3
Paraguay,2018,360848.3,364549.2
Paraguay,2019,364549.2,381054.3
Paraguay,2020,381054.3,376511.7
Paraguay,2021,376511.7,362996.6
Peru,2010,544666.4,540655.9
Peru,2011,540655.9,548781.2
Peru,2012,548781.2,565778.3
Peru,2013,565778.3,591668.9
Peru,2014,591668.9,579665.4
Peru,2015,579665.4,573268.9
Peru,2016,573268.9,567054.0
Peru,2017,567054.0,588469.1
Peru,2018,588469.1,592267.6
Peru,2019,592267.6,603405.6
Peru,2020,603405.6,599370.9
Peru,2021,599370.9,609750.0
Philippines,2010,267341.9,277934.5
Philippines,2011,277934.5,276143.7
Philippines,2012,276143.7,270919.6
Philippines,2013,270919.6,302339.7
Philippines,2014,302339.7,301488.3
Philippines,2015,301488.3,294741.8
Philippines,2016,294741.8,310197.6
Philippines,2017,310197.6,298151.0
Philippines,2018,298151.0,297688.0
Philippines,2019,297688.0,296970.6
Philippines,2020,296970.6,302664.2
Philippines,2021,302664.2,303449.3
Poland,2010,222163.5,236415.9
Poland,2011,236415.9,245258.7
Poland,2012,245258.7,258252.5
Poland,2013,258252.5,276024.9
Poland,2014,276024.9,240843.8
Poland,2015,240843.8,278514.3
Poland,2016,278514.3,256938.3
Poland,2017,256938.3,260470.0
Poland,2018,260470.0,237124.7
Poland,2019,237124.7,279410.2
Poland,2020,279410.2,300146.1
Poland,2021,300146.1,343228.8
Portugal,2010,492300.9,537728.4
Portugal,2011,537728.4,551938.4
Portugal,2012,551938.4,527632.4
Portugal,2013,527632.4,550750.1
Portugal,2014,550750.1,583917.4
Portugal,2015,583917.4,546391.7
Portugal,2016,546391.7,570424.9
Portugal,2017,570424.9,411506.9
Portugal,2018,411506.9,423562.8
Portugal,2019,423562.8,428334.2
Portugal,2020,428334.2,471073.1
Portugal,2021,471073.1,434335.6
Puerto Rico,2010,255986.30000000002,252111.1
Puerto Rico,2011,252111.1,266354.3
Puerto Rico,2012,266354.3,256037.1
Puerto Rico,2013,256037.1,256102.7
Puerto Rico,2014,256102.7,265586.6
Puerto Rico,2015,265586.6,263762.9
Puerto Rico,2016,263762.9,257646.1
Puerto Rico,2017,257646.1,257153.3
Puerto Rico,2018,257153.3,266040.1
Puerto Rico,2019,266040.1,266142.8
Puerto Rico,2020,266142.8,269503.10000000003
Puerto Rico,2021,269503.10000000003,271868.9
Qatar,2010,100917.2,101407.8
Qatar,2011,101407.8,103400.2
Qatar,2012,103400.2,105092.2
Qatar,2013,105092.2,101695.7
Qatar,2014,101695.7,102909.4
Qatar,2015,102909.4,108469.8
Qatar,2016,108469.8,112137.3
Qatar,2017,112137.3,107749.7
Qatar,2018,107749.7,116699.0
Qatar,2019,116699.0,110685.3
Qatar,2020,110685.3,115723.79999999999
Qatar,2021,115723.79999999999,118983.8
Republic of Korea,2010,383747.6,356860.8
Republic of Korea,2011,356860.8,374546.7
Republic of Korea,2012,374546.7,363538.5
Republic of Korea,2013,363538.5,390336.8
Republic of Korea,2014,390336.8,371465.8
Republic of Korea,2015,371465.8,373359.5
Republic of Korea,2016,373359.5,392035.9
Republic of Korea,2017,392035.9,367965.7
Republic of Korea,2018,367965.7,387309.7
Republic of Korea,2019,387309.7,364821.0
Republic of Korea,2020,364821.0,379827.7
Republic of Korea,2021,379827.7,387069.5
Republic of Moldova,2010,134426.9,135691.6
Republic of Moldova,2011,135691.6,102522.8
Republic of Moldova,2012,102522.8,137315.7
Republic of Moldova,2013,137315.7,156531.1
Republic of Moldova,2014,156531.1,120571.09999999999
Republic of Moldova,2015,120571.09999999999,146782.3
Republic of Moldova,2016,146782.3,154708.1
Republic of Moldova,2017,154708.1,159801.6
Republic of Moldova,2018,159801.6,166202.2
Republic of Moldova,2019,166202.2,125436.6
Republic of Moldova,2020,125436.6,165732.6
Republic of Moldova,2021,165732.6,137612.6
Romania,2010,275859.4,295295.10000000003
Romania,2011,295295.10000000003,250428.1
Romania,2012,250428.1,289889.9
Romania,2013,289889.9,315008.9
Romania,2014,315008.9,293716.5
Romania,2015,293716.5,300802.9
Romania,2016,300802.9,320250.0
Romania,2017,320250.0,344095.3
Romania,2018,344095.3,310101.5
Romania,2019,310101.5,303928.2
Romania,2020,303928.2,337958.5
Romania,2021,337958.5,277913.9
Russian Federation,2010,184368.8,229224.7
Russian Federation,2011,229224.7,223013.1
Russian Federation,2012,223013.1,242183.1
Russian Federation,2013,242183.1,237100.1
Russian Federation,2014,237100.1,237484.2
Russian Federation,2015,237484.2,255075.9
Russian Federation,2016,255075.9,258838.5
Russian Federation,2017,258838.5,252036.9
Russian Federation,2018,252036.9,269601.3
Russian Federation,2019,269601.3,260724.8
Russian Federation,2020,260724.8,267783.0
Russian Federation,2021,267783.0,286987.4
Rwanda,2010,123510.7,129309.79999999999
Rwanda,2011,129309.79999999999,126991.7
Rwanda,2012,126991.7,124661.3
Rwanda,2013,124661.3,113389.4
Rwanda,2014,113389.4,112441.5
Rwanda,2015,112441.5,101591.1
Rwanda,2016,101591.1,101730.8
Rwanda,2017,101730.8,186862.8
Rwanda,2018,186862.8,140711.2
Rwanda,2019,140711.2,143088.8
Rwanda,2020,143088.8,165318.8
Rwanda,2021,165318.8,139374.0
Saint Kitts and Nevis,2010,51424.1,52100.8
Saint Kitts and Nevis,2011,52100.8,52151.1
Saint Kitts and Nevis,2012,52151.1,52465.2
Saint Kitts and Nevis,2013,52465.2,51646.4
Saint Kitts and Nevis,2014,51646.4,49611.6
Saint Kitts and Nevis,2015,49611.6,39896.5
Saint Kitts and Nevis,2016,39896.5,47574.7
Saint Kitts and Nevis,2017,47574.7,49476.4
Saint Kitts and Nevis,2018,49476.4,40276.8
Saint Kitts and Nevis,2019,40276.8,39948.600000000006
Saint Kitts and Nevis,2020,39948.600000000006,49225.0
Saint Kitts and Nevis,2021,49225.0,48325.2
Saint Lucia,2010,172140.4,172640.7
Saint Lucia,2011,172640.7,178423.7
Saint Lucia,2012,178423.7,173152.2
Saint Lucia,2013,173152.2,188179.1
Saint Lucia,2014,188179.1,218038.0
Saint Lucia,2015,218038.0,241398.40000000002
Saint Lucia,2016,241398.40000000002,270536.7
Saint Lucia,2017,270536.7,258701.9
Saint Lucia,2018,258701.9,254321.4
Saint Lucia,2019,254321.4,262619.7
Saint Lucia,2020,262619.7,263354.9
Saint Lucia,2021,263354.9,263520.6
Saint Vincent and the Grenadines,2010,139665.9,151533.8
Saint Vincent and the Grenadines,2011,151533.8,151426.7
Saint Vincent and the Grenadines,2012,151426.7,151199.3
Saint Vincent and the Grenadines,2013,151199.3,180207.0
Saint Vincent and the Grenadines,2014,180207.0,199737.6
Saint Vincent and the Grenadines,2015,199737.6,224810.9
Saint Vincent and the Grenadines,2016,224810.9,245491.2
Saint Vincent and the Grenadines,2017,245491.2,251093.5
Saint Vincent and the Grenadines,2018,251093.5,251369.2
Saint Vincent and the Grenadines,2019,251369.2,260037.9
Saint Vincent and the Grenadines,2020,260037.9,265502.6
Saint Vincent and the Grenadines,2021,265502.6,287499.0
Samoa,2010,149653.5,151780.3
Samoa,2011,151780.3,148682.3
Samoa,2012,148682.3,151358.1
Samoa,2013,151358.1,152509.69999999998
Samoa,2014,152509.69999999998,146611.4
Samoa,2015,146611.4,147570.8
Samoa,2016,147570.8,149380.0
Samoa,2017,149380.0,151432.7
Samoa,2018,151432.7,152740.8
Samoa,2019,152740.8,153399.7
Samoa,2020,153399.7,149258.7
Samoa,2021,149258.7,149192.4
Sao Tome and Principe,2010,46813.0,74627.1
Sao Tome and Principe,2011,74627.1,59103.4
Sao Tome and Principe,2012,59103.4,52581.4
Sao Tome and Principe,2013,52581.4,53868.2
Sao Tome and Principe,2014,53868.2,55872.9
Sao Tome and Principe,2015,55872.9,72118.7
Sao Tome and Principe,2016,72118.7,72031.5
Sao Tome and Principe,2017,72031.5,70358.4
Sao Tome and Principe,2018,70358.4,70782.3
Sao Tome and Principe,2019,70782.3,72036.4
Sao Tome and Principe,2020,72036.4,72252.3
Sao Tome and Principe,2021,72252.3,74562.9
Saudi Arabia,2010,155034.80000000002,154887.8
Saudi Arabia,2011,154887.8,156561.0
Saudi Arabia,2012,156561.0,161657.9
Saudi Arabia,2013,161657.9,146087.2
Saudi Arabia,2014,146087.2,161501.3
Saudi Arabia,2015,161501.3,161374.8
Saudi Arabia,2016,161374.8,207678.8
Saudi Arabia,2017,207678.8,210208.9
Saudi Arabia,2018,210208.9,240917.1
Saudi Arabia,2019,240917.1,356639.5
Saudi Arabia,2020,356639.5,370678.0
Saudi Arabia,2021,370678.0,373697.4
Senegal,2010,221426.6,227596.3
Senegal,2011,227596.3,234414.2
Senegal,2012,234414.2,230217.1
Senegal,2013,230217.1,234734.1
Senegal,2014,234734.1,235793.59999999998
Senegal,2015,235793.59999999998,235422.2
Senegal,2016,235422.2,237331.1
Senegal,2017,237331.1,241953.2
Senegal,2018,241953.2,243782.80000000002
Senegal,2019,243782.80000000002,251782.0
Senegal,2020,251782.0,252001.1
Senegal,2021,252001.1,250639.8
Serbia,2010,200315.9,205850.9
Serbia,2011,205850.9,190299.9
Serbia,2012,190299.9,269758.7
Serbia,2013,269758.7,254158.4
Serbia,2014,254158.4,269213.4
Serbia,2015,269213.4,270039.7
Serbia,2016,270039.7,243493.2
Serbia,2017,243493.2,257712.5
Serbia,2018,257712.5,264768.3
Serbia,2019,264768.3,275115.0
Serbia,2020,275115.0,265365.1
Serbia,2021,265365.1,266961.6
Seychelles,2010,124443.0,131568.2
Seychelles,2011,131568.2,143640.4
Seychelles,2012,143640.4,141957.9
Seychelles,2013,141957.9,143474.9
Seychelles,2014,143474.9,142567.7
Seychelles,2015,142567.7,142800.1
Seychelles,2016,142800.1,148787.3
Seychelles,2017,148787.3,150505.0
Seychelles,2018,150505.0,147395.7
Seychelles,2019,147395.7,148539.8
Seychelles,2020,148539.8,146348.0
Seychelles,2021,146348.0,145918.3
Sierra Leone,2010,126810.49999999999,128169.2
Sierra Leone,2011,128169.2,135775.7
Sierra Leone,2012,135775.7,131076.9
Sierra Leone,2013,131076.9,129471.9
Sierra Leone,2014,129471.9,129541.7
Sierra Leone,2015,129541.7,129374.4
Sierra Leone,2016,129374.4,134124.8
Sierra Leone,2017,134124.8,128915.99999999999
Sierra Leone,2018,128915.99999999999,134753.6
Sierra Leone,2019,134753.6,131096.19999999998
Sierra Leone,2020,131096.19999999998,139285.3
Sierra Leone,2021,139285.3,133346.1
Singapore,2010,41896.5,42343.399999999994
Singapore,2011,42343.399999999994,40535.7
Singapore,2012,40535.7,40970.9
Singapore,2013,40970.9,39470.8
Singapore,2014,39470.8,41359.8
Singapore,2015,41359.8,42406.4
Singapore,2016,42406.4,42175.0
Singapore,2017,42175.0,42026.9
Singapore,2018,42026.9,41714.4
Singapore,2019,41714.4,41558.8
Singapore,2020,41558.8,41361.7
Singapore,2021,41361.7,41493.4
Slovakia,2010,181129.80000000002,218899.1
Slovakia,2011,218899.1,189151.7
Slovakia,2012,189151.7,222159.7
Slovakia,2013,222159.7,256344.5
Slovakia,2014,256344.5,240484.2
Slovakia,2015,240484.2,239376.2
Slovakia,2016,239376.2,246424.5
Slovakia,2017,246424.5,260038.7
Slovakia,2018,260038.7,268511.6
Slovakia,2019,268511.6,256765.4
Slovakia,2020,256765.4,265351.6
Slovakia,2021,265351.6,258315.8
Slovenia,2010,568016.2,347352.1
Slovenia,2011,347352.1,276126.6
Slovenia,2012,276126.6,275614.2
Slovenia,2013,275614.2,307756.6
Slovenia,2014,307756.6,362464.5
Slovenia,2015,362464.5,335112.8
Slovenia,2016,335112.8,259285.7
Slovenia,2017,259285.7,378423.9
Slovenia,2018,378423.9,377915.6
Slovenia,2019,377915.6,375432.8
Slovenia,2020,375432.8,278342.7
Slovenia,2021,278342.7,333616.4
Solomon Islands,2010,102852.5,100601.0
Solomon Islands,2011,100601.0,97965.2
Solomon Islands,2012,97965.2,100180.3
Solomon Islands,2013,100180.3,100617.9
Solomon Islands,2014,100617.9,100365.0
Solomon Islands,2015,100365.0,100930.0
Solomon Islands,2016,100930.0,100542.8
Solomon Islands,2017,100542.8,99977.0
Solomon Islands,2018,99977.0,100720.6
Solomon Islands,2019,100720.6,100257.8
Solomon Islands,2020,100257.8,99628.4
Solomon Islands,2021,99628.4,99647.4
Somalia,2010,127240.2,125665.3
Somalia,2011,125665.3,127259.6
Somalia,2012,127259.6,122644.8
Somalia,2013,122644.8,121093.0
Somalia,2014,121093.0,121103.0
Somalia,2015,121103.0,121551.1
Somalia,2016,121551.1,121302.5
Somalia,2017,121302.5,121598.6
Somalia,2018,121598.6,121989.59999999999
Somalia,2019,121989.59999999999,122083.40000000001
Somalia,2020,122083.40000000001,121765.5
Somalia,2021,121765.5,121923.7
South Africa,2010,568367.9,583450.4
South Africa,2011,583450.4,589046.5
South Africa,2012,589046.5,606817.7
South Africa,2013,606817.7,608835.4
South Africa,2014,608835.4,599189.9
South Africa,2015,599189.9,604184.8
South Africa,2016,604184.8,619813.2
South Africa,2017,619813.2,623150.5
South Africa,2018,623150.5,629400.9
South Africa,2019,629400.9,642709.4
South Africa,2020,642709.4,644583.3
South Africa,2021,644583.3,639369.1
South Sudan,2012,74941.3,66403.7
South Sudan,2013,66403.7,71483.1
South Sudan,2014,71483.1,80789.3
South Sudan,2015,80789.3,80063.6
South Sudan,2016,80063.6,79889.8
South Sudan,2017,79889.8,80146.5
South Sudan,2018,80146.5,80349.3
South Sudan,2019,80349.3,80695.4
South Sudan,2020,80695.4,80672.5
South Sudan,2021,80672.5,82023.6
Spain,2010,711311.4,724996.8
Spain,2011,724996.8,699848.4
Spain,2012,699848.4,724990.5
Spain,2013,724990.5,760776.2
Spain,2014,760776.2,758035.0
Spain,2015,758035.0,758412.1
Spain,2016,758412.1,784169.8
Spain,2017,784169.8,697008.2
Spain,2018,697008.2,707967.2
Spain,2019,707967.2,693290.5
Spain,2020,693290.5,705226.8
Spain,2021,705226.8,628069.2
Sri Lanka,2010,154779.69999999998,152854.3
Sri Lanka,2011,152854.3,153996.6
Sri Lanka,2012,153996.6,137996.3
Sri Lanka,2013,137996.3,138599.7
Sri Lanka,2014,138599.7,137200.8
Sri Lanka,2015,137200.8,129548.09999999999
Sri Lanka,2016,129548.09999999999,130574.4
Sri Lanka,2017,130574.4,137725.6
Sri Lanka,2018,137725.6,146724.0
Sri Lanka,2019,146724.0,173374.4
Sri Lanka,2020,173374.4,158935.9
Sri Lanka,2021,158935.9,169391.4
Sudan,2012,293410.8,291463.5
Sudan,2013,291463.5,273892.0
Sudan,2014,273892.0,257729.5
Sudan,2015,257729.5,240067.19999999998
Sudan,2016,240067.19999999998,244781.0
Sudan,2017,244781.0,251216.1
Sudan,2018,251216.1,242341.80000000002
Sudan,2019,242341.80000000002,242679.3
Sudan,2020,242679.3,240701.1
Sudan,2021,240701.1,235099.4
Sudan (former),2010,298064.5,294459.4
Suriname,2010,337170.0,341524.9
Suriname,2011,341524.9,338274.0
Suriname,2012,338274.0,359945.6
Suriname,2013,359945.6,340811.5
Suriname,2014,340811.5,328775.0
Suriname,2015,328775.0,337099.3
Suriname,2016,337099.3,330513.9
Suriname,2017,330513.9,340135.8
Suriname,2018,340135.8,343036.1
Suriname,2019,343036.1,327168.0
Suriname,2020,327168.0,336699.7
Suriname,2021,336699.7,342740.4
Sweden,2010,184053.3,210129.8
Sweden,2011,210129.8,201378.4
Sweden,2012,201378.4,213342.9
Sweden,2013,213342.9,216688.30000000002
Sweden,2014,216688.30000000002,218564.8
Sweden,2015,218564.8,218259.9
Sweden,2016,218259.9,231845.7
Sweden,2017,231845.7,207611.1
Sweden,2018,207611.1,249776.5
Sweden,2019,249776.5,245584.09999999998
Sweden,2020,245584.09999999998,244040.4
Sweden,2021,244040.4,241467.9
Switzerland,2010,558203.9,736209.0
Switzerland,2011,736209.0,651553.2
Switzerland,2012,651553.2,610943.1
Switzerland,2013,610943.1,703424.0
Switzerland,2014,703424.0,577442.2
Switzerland,2015,577442.2,537987.9
Switzerland,2016,537987.9,523854.6
Switzerland,2017,523854.6,651699.7
Switzerland,2018,651699.7,570333.3
Switzerland,2019,570333.3,604191.4
Switzerland,2020,604191.4,478690.1
Switzerland,2021,478690.1,551279.0
Syrian Arab Republic,2010,383468.3,419299.4
Syrian Arab Republic,2011,419299.4,383707.5
Syrian Arab Republic,2012,383707.5,430921.2
Syrian Arab Republic,2013,430921.2,394713.4
Syrian Arab Republic,2014,394713.4,407354.4
Syrian Arab Republic,2015,407354.4,434459.3
Syrian Arab Republic,2016,434459.3,431222.5
Syrian Arab Republic,2017,431222.5,455766.0
Syrian Arab Republic,2018,455766.0,406604.8
Syrian Arab Republic,2019,406604.8,302352.6
Syrian Arab Republic,2020,302352.6,294250.3
Syrian Arab Republic,2021,294250.3,312495.4
Tajikistan,2010,164398.3,170855.30000000002
Tajikistan,2011,170855.30000000002,182910.2
Tajikistan,2012,182910.2,194192.8
Tajikistan,2013,194192.8,197095.6
Tajikistan,2014,197095.6,190843.5
Tajikistan,2015,190843.5,198344.5
Tajikistan,2016,198344.5,205614.0
Tajikistan,2017,205614.0,206250.9
Tajikistan,2018,206250.9,206153.7
Tajikistan,2019,206153.7,204829.09999999998
Tajikistan,2020,204829.09999999998,205503.3
Tajikistan,2021,205503.3,209420.3
Thailand,2010,310308.9,339309.7
Thailand,2011,339309.7,350742.7
Thailand,2012,350742.7,378108.4
Thailand,2013,378108.4,388902.8
Thailand,2014,388902.8,369836.3
Thailand,2015,369836.3,365383.8
Thailand,2016,365383.8,368692.7
Thailand,2017,368692.7,385165.5
Thailand,2018,385165.5,380811.9
Thailand,2019,380811.9,350585.3
Thailand,2020,350585.3,354306.0
Thailand,2021,354306.0,373846.6
Timor-Leste,2010,83626.0,86943.6
Timor-Leste,2011,86943.6,89736.90000000001
Timor-Leste,2012,89736.90000000001,90667.3
Timor-Leste,2013,90667.3,90332.1
Timor-Leste,2014,90332.1,90254.2
Timor-Leste,2015,90254.2,91473.9
Timor-Leste,2016,91473.9,89356.3
Timor-Leste,2017,89356.3,89919.0
Timor-Leste,2018,89919.0,88959.70000000001
Timor-Leste,2019,88959.70000000001,88957.4
Timor-Leste,2020,88957.4,85203.09999999999
Timor-Leste,2021,85203.09999999999,88270.8
Togo,2010,70525.2,71299.2
Togo,2011,71299.2,67225.9
Togo,2012,67225.9,67896.9
Togo,2013,67896.9,68179.3
Togo,2014,68179.3,69095.3
Togo,2015,69095.3,69153.7
Togo,2016,69153.7,69183.5
Togo,2017,69183.5,70028.09999999999
Togo,2018,70028.09999999999,68869.4
Togo,2019,68869.4,69131.1
Togo,2020,69131.1,69366.7
Togo,2021,69366.7,69389.6
Tokelau,2010,29674.7,29101.6
Tokelau,2011,29101.6,29500.0
Tokelau,2012,29500.0,29500.0
Tokelau,2013,29500.0,29541.1
Tokelau,2014,29541.1,30494.4
Tokelau,2015,30494.4,30975.6
Tokelau,2016,30975.6,29984.1
Tokelau,2017,29984.1,30076.800000000003
Tokelau,2018,30076.800000000003,30257.1
Tokelau,2019,30257.1,30322.7
Tokelau,2020,30322.7,30432.5
Tokelau,2021,30432.5,30769.0
Tonga,2010,60440.7,60617.4
Tonga,2011,60617.4,57230.1
Tonga,2012,57230.1,61040.4
Tonga,2013,61040.4,61250.700000000004
Tonga,2014,61250.700000000004,70264.9
Tonga,2015,70264.9,71004.5
Tonga,2016,71004.5,64722.1
Tonga,2017,64722.1,68472.0
Tonga,2018,68472.0,72465.2
Tonga,2019,72465.2,72172.8
Tonga,2020,72172.8,73538.3
Tonga,2021,73538.3,70595.8
Trinidad and Tobago,2010,118030.2,115159.6
Trinidad and Tobago,2011,115159.6,119344.4
Trinidad and Tobago,2012,119344.4,116031.5
Trinidad and Tobago,2013,116031.5,121699.4
Trinidad and Tobago,2014,121699.4,128469.2
Trinidad and Tobago,2015,128469.2,122629.5
Trinidad and Tobago,2016,122629.5,135730.0
Trinidad and Tobago,2017,135730.0,130407.0
Trinidad and Tobago,2018,130407.0,139023.6
Trinidad and Tobago,2019,139023.6,143914.3
Trinidad and Tobago,2020,143914.3,142804.5
Trinidad and Tobago,2021,142804.5,140152.1
Tunisia,2010,304115.3,304254.3
Tunisia,2011,304254.3,375700.5
Tunisia,2012,375700.5,383095.5
Tunisia,2013,383095.5,382302.39999999997
Tunisia,2014,382302.39999999997,420072.7
Tunisia,2015,420072.7,413129.8
Tunisia,2016,413129.8,424035.60000000003
Tunisia,2017,424035.60000000003,442027.6
Tunisia,2018,442027.6,469359.3
Tunisia,2019,469359.3,448474.60000000003
Tunisia,2020,448474.60000000003,451262.0
Tunisia,2021,451262.0,458787.7
Turkmenistan,2010,146868.3,146967.5
Turkmenistan,2011,146967.5,151303.2
Turkmenistan,2012,151303.2,154387.6
Turkmenistan,2013,154387.6,158053.9
Turkmenistan,2014,158053.9,160709.1
Turkmenistan,2015,160709.1,166749.6
Turkmenistan,2016,166749.6,169766.8
Turkmenistan,2017,169766.8,170253.5
Turkmenistan,2018,170253.5,170951.9
Turkmenistan,2019,170951.9,173268.19999999998
Turkmenistan,2020,173268.19999999998,166150.8
Turkmenistan,2021,166150.8,163633.3
Tuvalu,2010,34027.5,34003.7
Tuvalu,2011,34003.7,33539.4
Tuvalu,2012,33539.4,34025.7
Tuvalu,2013,34025.7,34186.7
Tuvalu,2014,34186.7,33279.8
Tuvalu,2015,33279.8,33266.1
Tuvalu,2016,33266.1,33243.799999999996
Tuvalu,2017,33243.799999999996,33387.0
Tuvalu,2018,33387.0,33493.7
Tuvalu,2019,33493.7,33538.0
Tuvalu,2020,33538.0,33521.5
Tuvalu,2021,33521.5,33518.5
Türkiye,2010,644559.7,647788.8
Türkiye,2011,647788.8,660874.8
Türkiye,2012,660874.8,674290.1
Türkiye,2013,674290.1,645920.9
Türkiye,2014,645920.9,660181.0
Türkiye,2015,660181.0,750433.1
Türkiye,2016,750433.1,819159.6
Türkiye,2017,819159.6,864885.3
Türkiye,2018,864885.3,846453.5
Türkiye,2019,846453.5,828060.1
Türkiye,2020,828060.1,870981.8
Türkiye,2021,870981.8,853285.7
Uganda,2010,119477.7,119073.90000000001
Uganda,2011,119073.90000000001,116356.40000000001
Uganda,2012,116356.40000000001,116347.20000000001
Uganda,2013,116347.20000000001,118130.2
Uganda,2014,118130.2,118904.90000000001
Uganda,2015,118904.90000000001,119100.2
Uganda,2016,119100.2,118530.1
Uganda,2017,118530.1,120571.7
Uganda,2018,120571.7,121771.7
Uganda,2019,121771.7,122006.7
Uganda,2020,122006.7,113138.0
Uganda,2021,113138.0,125135.9
Ukraine,2010,232536.0,271825.3
Ukraine,2011,271825.3,282826.6
Ukraine,2012,282826.6,306920.3
Ukraine,2013,306920.3,302476.2
Ukraine,2014,302476.2,298882.5
Ukraine,2015,298882.5,306663.8
Ukraine,2016,306663.8,305322.6
Ukraine,2017,305322.6,333333.1
Ukraine,2018,333333.1,315802.5
Ukraine,2019,315802.5,291031.3
Ukraine,2020,291031.3,316603.9
Ukraine,2021,316603.9,322262.5
United Arab Emirates,2010,219991.9,209151.1
United Arab Emirates,2011,209151.1,191806.5
United Arab Emirates,2012,191806.5,188455.4
United Arab Emirates,2013,188455.4,225140.6
United Arab Emirates,2014,225140.6,306612.0
United Arab Emirates,2015,306612.0,326680.1
United Arab Emirates,2016,326680.1,332543.2
United Arab Emirates,2017,332543.2,335416.5
United Arab Emirates,2018,335416.5,351820.3
United Arab Emirates,2019,351820.3,355099.3
United Arab Emirates,2020,355099.3,383290.0
United Arab Emirates,2021,383290.0,390235.8
United Kingdom of Great Britain and Northern Ireland,2010,281660.89999999997,300941.5
United Kingdom of Great Britain and Northern Ireland,2011,300941.5,252155.6
United Kingdom of Great Britain and Northern Ireland,2012,252155.6,299795.6
United Kingdom of Great Britain and Northern Ireland,2013,299795.6,326457.3
United Kingdom of Great Britain and Northern Ireland,2014,326457.3,317936.39999999997
United Kingdom of Great Britain and Northern Ireland,2015,317936.39999999997,290360.39999999997
United Kingdom of Great Britain and Northern Ireland,2016,290360.39999999997,323289.9
United Kingdom of Great Britain and Northern Ireland,2017,323289.9,299559.6
United Kingdom of Great Britain and Northern Ireland,2018,299559.6,322513.4
United Kingdom of Great Britain and Northern Ireland,2019,322513.4,300300.8
United Kingdom of Great Britain and Northern Ireland,2020,300300.8,298437.7
United Kingdom of Great Britain and Northern Ireland,2021,298437.7,305721.6
United Republic of Tanzania,2010,208551.2,204332.5
United Republic of Tanzania,2011,204332.5,200654.9
United Republic of Tanzania,2012,200654.9,214170.80000000002
United Republic of Tanzania,2013,214170.80000000002,220762.1
United Republic of Tanzania,2014,220762.1,225207.0
United Republic of Tanzania,2015,225207.0,231065.8
United Republic of Tanzania,2016,231065.8,233238.2
United Republic of Tanzania,2017,233238.2,241957.1
United Republic of Tanzania,2018,241957.1,243566.9
United Republic of Tanzania,2019,243566.9,239608.0
United Republic of Tanzania,2020,239608.0,239908.80000000002
United Republic of Tanzania,2021,239908.80000000002,243035.59999999998
United States of America,2010,882649.1,914511.6
United States of America,2011,914511.6,947246.9
United States of America,2012,947246.9,938063.2
United States of America,2013,938063.2,914751.9
United States of America,2014,914751.9,922644.0
United States of America,2015,922644.0,946887.5
United States of America,2016,946887.5,928704.9
United States of America,2017,928704.9,909577.1
United States of America,2018,909577.1,929178.0
United States of America,2019,929178.0,925541.1
United States of America,2020,925541.1,920842.0
United States of America,2021,920842.0,893412.8
Uruguay,2010,302642.6,346083.0
Uruguay,2011,346083.0,362582.7
Uruguay,2012,362582.7,294325.4
Uruguay,2013,294325.4,330881.9
Uruguay,2014,330881.9,345401.2
Uruguay,2015,345401.2,315260.5
Uruguay,2016,315260.5,336256.4
Uruguay,2017,336256.4,323577.5
Uruguay,2018,323577.5,347863.2
Uruguay,2019,347863.2,327179.4
Uruguay,2020,327179.4,401974.3
Uruguay,2021,401974.3,377673.9
Uzbekistan,2010,390761.3,398517.4
Uzbekistan,2011,398517.4,408448.0
Uzbekistan,2012,408448.0,430878.5
Uzbekistan,2013,430878.5,457059.1
Uzbekistan,2014,457059.1,484904.4
Uzbekistan,2015,484904.4,508263.5
Uzbekistan,2016,508263.5,518707.3
Uzbekistan,2017,518707.3,549334.2
Uzbekistan,2018,549334.2,553190.6
Uzbekistan,2019,553190.6,560188.9
Uzbekistan,2020,560188.9,575278.9
Uzbekistan,2021,575278.9,573381.9
Vanuatu,2010,59472.4,58452.5
Vanuatu,2011,58452.5,58091.0
Vanuatu,2012,58091.0,57753.6
Vanuatu,2013,57753.6,58298.0
Vanuatu,2014,58298.0,57433.5
Vanuatu,2015,57433.5,58050.7
Vanuatu,2016,58050.7,57122.7
Vanuatu,2017,57122.7,57302.0
Vanuatu,2018,57302.0,56952.9
Vanuatu,2019,56952.9,56593.5
Vanuatu,2020,56593.5,57004.9
Vanuatu,2021,57004.9,56806.100000000006
Venezuela (Bolivarian Republic of),2010,403515.5,423586.8
Venezuela (Bolivarian Republic of),2011,423586.8,440938.8
Venezuela (Bolivarian Republic of),2012,440938.8,442670.1
Venezuela (Bolivarian Republic of),2013,442670.1,441947.8
Venezuela (Bolivarian Republic of),2014,441947.8,429561.3
Venezuela (Bolivarian Republic of),2015,429561.3,437241.2
Venezuela (Bolivarian Republic of),2016,437241.2,428754.0
Venezuela (Bolivarian Republic of),2017,428754.0,426894.0
Venezuela (Bolivarian Republic of),2018,426894.0,419543.5
Venezuela (Bolivarian Republic of),2019,419543.5,428752.1
Venezuela (Bolivarian Republic of),2020,428752.1,426425.7
Venezuela (Bolivarian Republic of),2021,426425.7,420983.6
Viet Nam,2010,260221.3,271718.8
Viet Nam,2011,271718.8,277857.2
Viet Nam,2012,277857.2,283010.1
Viet Nam,2013,283010.1,288713.2
Viet Nam,2014,288713.2,291470.7
Viet Nam,2015,291470.7,284402.3
Viet Nam,2016,284402.3,287523.2
Viet Nam,2017,287523.2,286932.5
Viet Nam,2018,286932.5,310797.0
Viet Nam,2019,310797.0,310551.9
Viet Nam,2020,310551.9,323248.9
Viet Nam,2021,323248.9,328258.8
Yemen,2010,236711.5,231462.7
Yemen,2011,231462.7,234921.0
Yemen,2012,234921.0,230976.7
Yemen,2013,230976.7,234273.5
Yemen,2014,234273.5,231822.8
Yemen,2015,231822.8,228069.4
Yemen,2016,228069.4,222058.6
Yemen,2017,222058.6,222691.9
Yemen,2018,222691.9,233517.5
Yemen,2019,233517.5,237853.4
Yemen,2020,237853.4,266082.2
Yemen,2021,266082.2,261878.2
Zambia,2010,160862.0,163405.8
Zambia,2011,163405.8,158396.0
Zambia,2012,158396.0,172582.8
Zambia,2013,172582.8,165889.2
Zambia,2014,165889.2,180759.59999999998
Zambia,2015,180759.59999999998,177227.6
Zambia,2016,177227.6,184321.1
Zambia,2017,184321.1,180762.8
Zambia,2018,180762.8,189230.09999999998
Zambia,2019,189230.09999999998,185195.69999999998
Zambia,2020,185195.69999999998,185350.1
Zambia,2021,185350.1,177167.8
Zimbabwe,2010,229930.19999999998,235094.0
Zimbabwe,2011,235094.0,241372.7
Zimbabwe,2012,241372.7,253478.3
Zimbabwe,2013,253478.3,257774.1
Zimbabwe,2014,257774.1,246299.40000000002
Zimbabwe,2015,246299.40000000002,247174.9
Zimbabwe,2016,247174.9,246771.5
Zimbabwe,2017,246771.5,252597.7
Zimbabwe,2018,252597.7,249564.1
Zimbabwe,2019,249564.1,252611.0
Zimbabwe,2020,252611.0,252387.1
Zimbabwe,2021,252387.1,258291.1
